"rank","title","album","artist","albumYear","rankOneYearAgo","timestamp","albumArt"
"1","Stairway To Heaven","","Led Zeppelin","","","2020-10-26 18:03:22","https://cdn.mediaworks.nz/radio/song/images/stairway_to_heaven_400_led_zeppelin.jpg?width=400&height=400&crop=auto"
"2","Comfortably Numb","","Pink Floyd","","","2020-10-26 17:47:51","https://cdn.mediaworks.nz/radio/song/images/comfortably_numb_400_pink_floyd.jpg?width=400&height=400&crop=auto"
"3","Immigrant Song","","Led Zeppelin","","","2020-10-26 17:32:20","https://cdn.mediaworks.nz/radio/song/images/immigrant_song_400_led_zeppelin.jpg?width=400&height=400&crop=auto"
"4","Sultans Of Swing","","Dire Straits","","","2020-10-26 17:16:49","https://cdn.mediaworks.nz/radio/song/images/sultans_of_swing_400_dire_straits.jpg?width=400&height=400&crop=auto"
"5","Hey Jude","","Beatles","","","2020-10-26 17:10:18","https://cdn.mediaworks.nz/radio/song/images/hey_jude_400_beatles.jpg?width=400&height=400&crop=auto"
"6","Kashmir","","Led Zeppelin","","","2020-10-26 17:03:47","https://cdn.mediaworks.nz/radio/song/images/kashmir_400_led_zeppelin.jpg?width=400&height=400&crop=auto"
"7","Hotel California","","Eagles","","","2020-10-26 16:57:16","https://cdn.mediaworks.nz/radio/song/images/hotel_california_400_eagles.jpg?width=400&height=400&crop=auto"
"8","Wish You Were Here","","Pink Floyd","","","2020-10-26 16:50:45","https://cdn.mediaworks.nz/radio/song/images/wish_you_were_here_400_pink_floyd.jpg?width=400&height=400&crop=auto"
"9","Bohemian Rhapsody","","Queen","","","2020-10-26 16:44:14","https://cdn.mediaworks.nz/radio/song/images/bohemian_rhapsody_400_queen.jpg?width=400&height=400&crop=auto"
"10","A Day In The Life","","Beatles","","","2020-10-26 16:37:43","https://cdn.mediaworks.nz/radio/song/images/a_day_in_the_life_400_beatles.jpg?width=400&height=400&crop=auto"
"11","Angie","","Rolling Stones","","","2020-10-26 16:31:12","https://cdn.mediaworks.nz/radio/song/images/angie_400_rolling_stones.jpg?width=400&height=400&crop=auto"
"12","Heroes","","David Bowie","","","2020-10-26 16:24:41","https://cdn.mediaworks.nz/radio/song/images/heroes_400_david_bowie.jpg?width=400&height=400&crop=auto"
"13","Another Brick In The Wall Pt 2","","Pink Floyd","","","2020-10-26 16:18:10","https://cdn.mediaworks.nz/radio/song/images/another_brick_in_the_wall_pt_2_400_pink_floyd.jpg?width=400&height=400&crop=auto"
"14","Space Oddity","","David Bowie","","","2020-10-26 16:11:39","https://cdn.mediaworks.nz/radio/song/images/space_oddity_400_david_bowie.jpg?width=400&height=400&crop=auto"
"15","Layla","","Derek & The Dominos","","","2020-10-26 16:05:08","https://cdn.mediaworks.nz/radio/song/images/layla_400_derek_the_dominos.jpg?width=400&height=400&crop=auto"
"16","Black Dog","","Led Zeppelin","","","2020-10-26 15:58:37","https://cdn.mediaworks.nz/radio/song/images/black_dog_400_led_zeppelin.jpg?width=400&height=400&crop=auto"
"17","Learning To Fly","","Pink Floyd","","","2020-10-26 15:52:06","https://cdn.mediaworks.nz/radio/song/images/learning_to_fly_400_pink_floyd.jpg?width=400&height=400&crop=auto"
"18","Fat Bottomed Girls","","Queen","","","2020-10-26 15:45:35","https://cdn.mediaworks.nz/radio/song/images/fat_bottomed_girls_400_queen.jpg?width=400&height=400&crop=auto"
"19","My My, Hey Hey (Out of the Blue)","","Neil Young/Crazy Horse","","","2020-10-26 15:39:04","https://cdn.mediaworks.nz/radio/song/images/my_my_hey_hey_out_of_the_blue__400_neil_young_crazy_horse.jpg?width=400&height=400&crop=auto"
"20","Money","","Pink Floyd","","","2020-10-26 15:32:33","https://cdn.mediaworks.nz/radio/song/images/money_400_pink_floyd.jpg?width=400&height=400&crop=auto"
"21","Paint It Black","","Rolling Stones","","","2020-10-26 15:26:02","https://cdn.mediaworks.nz/radio/song/images/paint_it_black_400_rolling_stones.jpg?width=400&height=400&crop=auto"
"22","Let It Be","","Beatles","","","2020-10-26 15:19:31","https://cdn.mediaworks.nz/radio/song/images/let_it_be_400_beatles.jpg?width=400&height=400&crop=auto"
"23","Whole Lotta Love","","Led Zeppelin","","","2020-10-26 15:13:00","https://cdn.mediaworks.nz/radio/song/images/whole_lotta_love_400_led_zeppelin.jpg?width=400&height=400&crop=auto"
"24","Romeo And Juliet","","Dire Straits","","","2020-10-26 15:06:29","https://cdn.mediaworks.nz/radio/song/images/romeo_and_juliet_400_dire_straits.jpg?width=400&height=400&crop=auto"
"25","Won't Get Fooled Again","","Who","","","2020-10-26 14:59:58","https://cdn.mediaworks.nz/radio/song/images/won_t_get_fooled_again_400_who.jpg?width=400&height=400&crop=auto"
"26","Dream On","","Aerosmith","","","2020-10-26 14:53:27","https://cdn.mediaworks.nz/radio/song/images/dream_on_400_aerosmith.jpg?width=400&height=400&crop=auto"
"27","Refugee","","Tom Petty & the Hear...","","","2020-10-26 14:46:56","https://cdn.mediaworks.nz/thesound/Content/apps/theme/images/thesound_square4x.png?width=400&height=400&crop=auto"
"28","Have A Cigar","","Pink Floyd","","","2020-10-26 14:40:25","https://cdn.mediaworks.nz/radio/song/images/have_a_cigar_400_pink_floyd.jpg?width=400&height=400&crop=auto"
"29","I Got You","","Split Enz","","","2020-10-26 14:33:54","https://cdn.mediaworks.nz/radio/song/images/i_got_you_400_split_enz.jpg?width=400&height=400&crop=auto"
"30","Rock And Roll","","Led Zeppelin","","","2020-10-26 14:27:23","https://cdn.mediaworks.nz/radio/song/images/rock_and_roll_400_led_zeppelin.jpg?width=400&height=400&crop=auto"
"31","I'm On Fire","","Bruce Springsteen","","","2020-10-26 14:20:52","https://cdn.mediaworks.nz/radio/song/images/i_m_on_fire_400_bruce_springsteen.jpg?width=400&height=400&crop=auto"
"32","Time","","Pink Floyd","","","2020-10-26 14:14:21","https://cdn.mediaworks.nz/radio/song/images/time_400_pink_floyd.jpg?width=400&height=400&crop=auto"
"33","Starman","","David Bowie","","","2020-10-26 14:07:50","https://cdn.mediaworks.nz/radio/song/images/starman_400_david_bowie.jpg?width=400&height=400&crop=auto"
"34","Be Mine Tonight","","Th' Dudes","","","2020-10-26 14:01:19","https://cdn.mediaworks.nz/radio/song/images/be_mine_tonight_400_th_dudes.jpg?width=400&height=400&crop=auto"
"35","Highway To Hell","","AC/DC","","","2020-10-26 13:54:48","https://cdn.mediaworks.nz/radio/song/images/highway_to_hell_400_ac_dc.jpg?width=400&height=400&crop=auto"
"36","Cat People (Putting Out Fire)","","David Bowie","","","2020-10-26 13:48:17","https://cdn.mediaworks.nz/radio/song/images/cat_people_putting_out_fire__400_david_bowie.jpg?width=400&height=400&crop=auto"
"37","Hey You","","Pink Floyd","","","2020-10-26 13:41:46","https://cdn.mediaworks.nz/radio/song/images/hey_you_400_pink_floyd.jpg?width=400&height=400&crop=auto"
"38","Over The Hills And Far Away","","Led Zeppelin","","","2020-10-26 13:35:15","https://cdn.mediaworks.nz/radio/song/images/over_the_hills_and_far_away_400_led_zeppelin.jpg?width=400&height=400&crop=auto"
"39","Brothers In Arms","","Dire Straits","","","2020-10-26 13:28:44","https://cdn.mediaworks.nz/radio/song/images/brothers_in_arms_400_dire_straits.jpg?width=400&height=400&crop=auto"
"40","Smoke On The Water","","Deep Purple","","","2020-10-26 13:22:13","https://cdn.mediaworks.nz/radio/song/images/smoke_on_the_water_400_deep_purple.jpg?width=400&height=400&crop=auto"
"41","Paranoid","","Black Sabbath","","","2020-10-26 13:15:42","https://cdn.mediaworks.nz/radio/song/images/paranoid_400_black_sabbath.jpg?width=400&height=400&crop=auto"
"42","You Can't Always Get What You Want","","Rolling Stones","","","2020-10-26 13:09:11","https://cdn.mediaworks.nz/radio/song/images/you_can_t_always_get_what_you_want_400_rolling_stones.jpg?width=400&height=400&crop=auto"
"43","Sweet Home Alabama","","Lynyrd Skynyrd","","","2020-10-26 13:02:40","https://cdn.mediaworks.nz/radio/song/images/sweet_home_alabama_400_lynyrd_skynyrd.jpg?width=400&height=400&crop=auto"
"44","Who Are You","","Who","","","2020-10-26 12:56:09","https://cdn.mediaworks.nz/radio/song/images/who_are_you_400_who.jpg?width=400&height=400&crop=auto"
"45","Take The Long Way Home","","Supertramp","","","2020-10-26 12:49:38","https://cdn.mediaworks.nz/radio/song/images/take_the_long_way_home_400_supertramp.jpg?width=400&height=400&crop=auto"
"46","Bliss","","Th' Dudes","","","2020-10-26 12:43:07","https://cdn.mediaworks.nz/radio/song/images/bliss_400_th_dudes.jpg?width=400&height=400&crop=auto"
"47","Skateaway","","Dire Straits","","","2020-10-26 12:36:36","https://cdn.mediaworks.nz/radio/song/images/skateaway_400_dire_straits.jpg?width=400&height=400&crop=auto"
"48","You Shook Me All Night Long","","AC/DC","","","2020-10-26 12:30:05","https://cdn.mediaworks.nz/radio/song/images/you_shook_me_all_night_long_400_ac_dc.jpg?width=400&height=400&crop=auto"
"49","Young Lust","","Pink Floyd","","","2020-10-26 12:23:34","https://cdn.mediaworks.nz/radio/song/images/young_lust_400_pink_floyd.jpg?width=400&height=400&crop=auto"
"50","Imagine","","John Lennon","","","2020-10-26 12:17:03","https://cdn.mediaworks.nz/radio/song/images/imagine_400_john_lennon.jpg?width=400&height=400&crop=auto"
"51","Free Bird","","Lynyrd Skynyrd","","","2020-10-26 12:10:32","https://cdn.mediaworks.nz/radio/song/images/free_bird_400_lynyrd_skynyrd.jpg?width=400&height=400&crop=auto"
"52","Great Southern Land","","Icehouse","","","2020-10-26 12:04:54","https://cdn.mediaworks.nz/radio/song/images/great_southern_land_400_icehouse.jpg?width=400&height=400&crop=auto"
"53","Life On Mars","","David Bowie","","","2020-10-26 11:59:16","https://cdn.mediaworks.nz/radio/song/images/life_on_mars_400_david_bowie.jpg?width=400&height=400&crop=auto"
"54","Heartbreaker/Living Loving Maid","","Led Zeppelin","","","2020-10-26 11:53:38","https://cdn.mediaworks.nz/radio/song/images/heartbreaker_living_loving_maid_400_led_zeppelin.jpg?width=400&height=400&crop=auto"
"55","Psycho Killer","","Talking Heads","","","2020-10-26 11:48:00","https://cdn.mediaworks.nz/radio/song/images/psycho_killer_400_talking_heads.jpg?width=400&height=400&crop=auto"
"56","Walk On The Wild Side","","Lou Reed","","","2020-10-26 11:42:22","https://cdn.mediaworks.nz/radio/song/images/walk_on_the_wild_side_400_lou_reed.jpg?width=400&height=400&crop=auto"
"57","April Sun In Cuba","","Dragon","","","2020-10-26 11:36:44","https://cdn.mediaworks.nz/radio/song/images/april_sun_in_cuba_400_dragon.jpg?width=400&height=400&crop=auto"
"58","Us And Them","","Pink Floyd","","","2020-10-26 11:31:06","https://cdn.mediaworks.nz/radio/song/images/us_and_them_400_pink_floyd.jpg?width=400&height=400&crop=auto"
"59","Take It To The Limit","","Eagles","","","2020-10-26 11:25:28","https://cdn.mediaworks.nz/radio/song/images/take_it_to_the_limit_400_eagles.jpg?width=400&height=400&crop=auto"
"60","Don't Come Around Here No More","","Tom Petty & the Hear...","","","2020-10-26 11:19:50","https://cdn.mediaworks.nz/radio/song/images/don_t_come_around_here_no_more_400_tom_petty_the_hear_.jpg?width=400&height=400&crop=auto"
"61","The House Of The Rising Sun","","Animals","","","2020-10-26 11:14:12","https://cdn.mediaworks.nz/radio/song/images/the_house_of_the_rising_sun_400_animals.jpg?width=400&height=400&crop=auto"
"62","Walking In Light","","Th' Dudes","","","2020-10-26 11:08:34","https://cdn.mediaworks.nz/radio/song/images/walking_in_light_400_th_dudes.jpg?width=400&height=400&crop=auto"
"63","The Chain","","Fleetwood Mac","","","2020-10-26 11:02:56","https://cdn.mediaworks.nz/radio/song/images/the_chain_400_fleetwood_mac.jpg?width=400&height=400&crop=auto"
"64","Avalon","","Roxy Music","","","2020-10-26 10:57:18","https://cdn.mediaworks.nz/radio/song/images/avalon_400_roxy_music.jpg?width=400&height=400&crop=auto"
"65","Thunderstruck","","AC/DC","","","2020-10-26 10:51:40","https://cdn.mediaworks.nz/radio/song/images/thunderstruck_400_ac_dc.jpg?width=400&height=400&crop=auto"
"66","Here Comes The Sun","","Beatles","","","2020-10-26 10:46:02","https://cdn.mediaworks.nz/radio/song/images/here_comes_the_sun_400_beatles.jpg?width=400&height=400&crop=auto"
"67","Ziggy Stardust","","David Bowie","","","2020-10-26 10:40:24","https://cdn.mediaworks.nz/radio/song/images/ziggy_stardust_400_david_bowie.jpg?width=400&height=400&crop=auto"
"68","Somebody To Love","","Queen","","","2020-10-26 10:34:46","https://cdn.mediaworks.nz/radio/song/images/somebody_to_love_400_queen.jpg?width=400&height=400&crop=auto"
"69","My Best Friend's Girl","","Cars","","","2020-10-26 10:29:08","https://cdn.mediaworks.nz/radio/song/images/my_best_friend_s_girl_400_cars.jpg?width=400&height=400&crop=auto"
"70","Tunnel Of Love","","Dire Straits","","","2020-10-26 10:23:30","https://cdn.mediaworks.nz/radio/song/images/tunnel_of_love_400_dire_straits.jpg?width=400&height=400&crop=auto"
"71","In The Air Tonight","","Phil Collins","","","2020-10-26 10:17:52","https://cdn.mediaworks.nz/radio/song/images/in_the_air_tonight_400_phil_collins.jpg?width=400&height=400&crop=auto"
"72","Runnin' Down A Dream","","Tom Petty","","","2020-10-26 10:12:14","https://cdn.mediaworks.nz/radio/song/images/runnin_down_a_dream_400_tom_petty.jpg?width=400&height=400&crop=auto"
"73","Riders On The Storm","","Doors","","","2020-10-26 10:06:36","https://cdn.mediaworks.nz/radio/song/images/riders_on_the_storm_400_doors.jpg?width=400&height=400&crop=auto"
"74","Hammer To Fall","","Queen","","","2020-10-26 10:00:58","https://cdn.mediaworks.nz/radio/song/images/hammer_to_fall_400_queen.jpg?width=400&height=400&crop=auto"
"75","Sympathy For The Devil","","Rolling Stones","","","2020-10-26 09:55:20","https://cdn.mediaworks.nz/radio/song/images/sympathy_for_the_devil_400_rolling_stones.jpg?width=400&height=400&crop=auto"
"76","Knockin' On Heaven's Door","","Bob Dylan","","","2020-10-26 09:49:42","https://cdn.mediaworks.nz/radio/song/images/knockin_on_heaven_s_door_400_bob_dylan.jpg?width=400&height=400&crop=auto"
"77","Back In Black","","AC/DC","","","2020-10-26 09:44:04","https://cdn.mediaworks.nz/radio/song/images/back_in_black_400_ac_dc.jpg?width=400&height=400&crop=auto"
"78","Computer Games","","Mi-Sex","","","2020-10-26 09:38:26","https://cdn.mediaworks.nz/radio/song/images/computer_games_400_mi_sex.jpg?width=400&height=400&crop=auto"
"79","Life's Been Good","","Joe Walsh","","","2020-10-26 09:32:48","https://cdn.mediaworks.nz/radio/song/images/life_s_been_good_400_joe_walsh.jpg?width=400&height=400&crop=auto"
"80","You're My Best Friend","","Queen","","","2020-10-26 09:27:10","https://cdn.mediaworks.nz/radio/song/images/you_re_my_best_friend_400_queen.jpg?width=400&height=400&crop=auto"
"81","I See Red","","Split Enz","","","2020-10-26 09:21:32","https://cdn.mediaworks.nz/radio/song/images/i_see_red_400_split_enz.jpg?width=400&height=400&crop=auto"
"82","All My Love","","Led Zeppelin","","","2020-10-26 09:15:54","https://cdn.mediaworks.nz/radio/song/images/all_my_love_400_led_zeppelin.jpg?width=400&height=400&crop=auto"
"83","We Can Get Together","","Flowers","","","2020-10-26 09:10:16","https://cdn.mediaworks.nz/radio/song/images/we_can_get_together_400_flowers.jpg?width=400&height=400&crop=auto"
"84","Another One Bites The Dust","","Queen","","","2020-10-26 09:04:38","https://cdn.mediaworks.nz/radio/song/images/another_one_bites_the_dust_400_queen.jpg?width=400&height=400&crop=auto"
"85","Drive","","Cars","","","2020-10-26 08:59:00","https://cdn.mediaworks.nz/radio/song/images/drive_400_cars.jpg?width=400&height=400&crop=auto"
"86","The Jean Genie","","David Bowie","","","2020-10-26 08:53:22","https://cdn.mediaworks.nz/radio/song/images/the_jean_genie_400_david_bowie.jpg?width=400&height=400&crop=auto"
"87","More Than A Feeling","","Boston","","","2020-10-26 08:47:44","https://cdn.mediaworks.nz/radio/song/images/more_than_a_feeling_400_boston.jpg?width=400&height=400&crop=auto"
"88","Blue Lady","","Hello Sailor","","","2020-10-26 08:42:06","https://cdn.mediaworks.nz/radio/song/images/blue_lady_400_hello_sailor.jpg?width=400&height=400&crop=auto"
"89","Rock The Casbah","","Clash","","","2020-10-26 08:36:28","https://cdn.mediaworks.nz/radio/song/images/rock_the_casbah_400_clash.jpg?width=400&height=400&crop=auto"
"90","Misty Mountain Hop","","Led Zeppelin","","","2020-10-26 08:30:50","https://cdn.mediaworks.nz/radio/song/images/misty_mountain_hop_400_led_zeppelin.jpg?width=400&height=400&crop=auto"
"91","Give A Little Bit","","Supertramp","","","2020-10-26 08:25:12","https://cdn.mediaworks.nz/radio/song/images/give_a_little_bit_400_supertramp.jpg?width=400&height=400&crop=auto"
"92","Once In A Lifetime","","Talking Heads","","","2020-10-26 08:19:34","https://cdn.mediaworks.nz/radio/song/images/once_in_a_lifetime_400_talking_heads.jpg?width=400&height=400&crop=auto"
"93","Private Investigations","","Dire Straits","","","2020-10-26 08:13:56","https://cdn.mediaworks.nz/radio/song/images/private_investigations_400_dire_straits.jpg?width=400&height=400&crop=auto"
"94","Tush","","ZZ Top","","","2020-10-26 08:08:18","https://cdn.mediaworks.nz/radio/song/images/tush_400_zz_top.jpg?width=400&height=400&crop=auto"
"95","Forever Now","","Cold Chisel","","","2020-10-26 08:02:40","https://cdn.mediaworks.nz/radio/song/images/forever_now_400_cold_chisel.jpg?width=400&height=400&crop=auto"
"96","Sharp Dressed Man","","ZZ Top","","","2020-10-26 07:57:02","https://cdn.mediaworks.nz/radio/song/images/sharp_dressed_man_400_zz_top.jpg?width=400&height=400&crop=auto"
"97","Baker Street","","Gerry Rafferty","","","2020-10-26 07:51:24","https://cdn.mediaworks.nz/radio/song/images/baker_street_400_gerry_rafferty.jpg?width=400&height=400&crop=auto"
"98","It's A Long Way To The Top (If You Wanna Rock 'n' Roll)","","AC/DC","","","2020-10-26 07:45:46","https://cdn.mediaworks.nz/radio/song/images/it_s_a_long_way_to_the_top_if_you_wanna_rock_n_roll__400_ac_dc.jpg?width=400&height=400&crop=auto"
"99","Hey Hey My My (Into The Black)","","Neil Young/Crazy Horse","","","2020-10-26 07:40:08","https://cdn.mediaworks.nz/radio/song/images/hey_hey_my_my_into_the_black__400_neil_young_crazy_horse.jpg?width=400&height=400&crop=auto"
"100","Don't You (Forget About Me)","","Simple Minds","","","2020-10-26 07:34:30","https://cdn.mediaworks.nz/radio/song/images/don_t_you_forget_about_me__400_simple_minds.jpg?width=400&height=400&crop=auto"
"101","Something","","Beatles","","","2020-10-26 07:28:52","https://cdn.mediaworks.nz/radio/song/images/something_400_beatles.jpg?width=400&height=400&crop=auto"
"102","Dreamer","","Supertramp","","","2020-10-26 07:23:14","https://cdn.mediaworks.nz/radio/song/images/dreamer_400_supertramp.jpg?width=400&height=400&crop=auto"
"103","Sweet Child O' Mine","","Guns N' Roses","","","2020-10-26 07:17:36","https://cdn.mediaworks.nz/radio/song/images/sweet_child_o_mine_400_guns_n_roses.jpg?width=400&height=400&crop=auto"
"104","Who Wants To Live Forever","","Queen","","","2020-10-26 07:11:58","https://cdn.mediaworks.nz/radio/song/images/who_wants_to_live_forever_400_queen.jpg?width=400&height=400&crop=auto"
"105","(I Can't Get No) Satisfaction","","Rolling Stones","","","2020-10-26 07:06:20","https://cdn.mediaworks.nz/radio/song/images/_i_can_t_get_no_satisfaction_400_rolling_stones.jpg?width=400&height=400&crop=auto"
"106","Are You Old Enough","","Dragon","","","2020-10-26 07:00:42","https://cdn.mediaworks.nz/radio/song/images/are_you_old_enough_400_dragon.jpg?width=400&height=400&crop=auto"
"107","Animal","","Def Leppard","","","2020-10-26 06:55:04","https://cdn.mediaworks.nz/radio/song/images/animal_400_def_leppard.jpg?width=400&height=400&crop=auto"
"108","Solid Rock","","Dire Straits","","","2020-10-26 06:49:26","https://cdn.mediaworks.nz/radio/song/images/solid_rock_400_dire_straits.jpg?width=400&height=400&crop=auto"
"109","Africa","","Toto","","","2020-10-26 06:43:48","https://cdn.mediaworks.nz/radio/song/images/africa_400_toto.jpg?width=400&height=400&crop=auto"
"110","Into The Great Wide Open","","Tom Petty & the Hear...","","","2020-10-26 06:38:10","https://cdn.mediaworks.nz/radio/song/images/into_the_great_wide_open_400_tom_petty_the_hear_.jpg?width=400&height=400&crop=auto"
"111","Candle In The Wind","","Elton John","","","2020-10-26 06:32:32","https://cdn.mediaworks.nz/radio/song/images/candle_in_the_wind_400_elton_john.jpg?width=400&height=400&crop=auto"
"112","The Man Who Sold The World","","David Bowie","","","2020-10-26 06:26:54","https://cdn.mediaworks.nz/radio/song/images/the_man_who_sold_the_world_400_david_bowie.jpg?width=400&height=400&crop=auto"
"113","Gutter Black","","Hello Sailor","","","2020-10-26 06:21:16","https://cdn.mediaworks.nz/radio/song/images/gutter_black_400_hello_sailor.jpg?width=400&height=400&crop=auto"
"114","While My Guitar Gently Weeps","","Beatles","","","2020-10-26 06:15:38","https://cdn.mediaworks.nz/radio/song/images/while_my_guitar_gently_weeps_400_beatles.jpg?width=400&height=400&crop=auto"
"115","We Will Rock You","","Queen","","","2020-10-26 06:10:00","https://cdn.mediaworks.nz/radio/song/images/we_will_rock_you_400_queen.jpg?width=400&height=400&crop=auto"
"116","Run Like Hell","","Pink Floyd","","","2020-10-25 19:15:00","https://cdn.mediaworks.nz/radio/song/images/run_like_hell_400_pink_floyd.jpg?width=400&height=400&crop=auto"
"117","Reckless (Don't Be So)","","Australian Crawl","","","2020-10-25 19:10:00","https://cdn.mediaworks.nz/radio/song/images/reckless_don_t_be_so__400_australian_crawl.jpg?width=400&height=400&crop=auto"
"118","Penny Lane","","Beatles","","","2020-10-25 19:05:00","https://cdn.mediaworks.nz/radio/song/images/penny_lane_400_beatles.jpg?width=400&height=400&crop=auto"
"119","So Far Away","","Dire Straits","","","2020-10-25 19:00:00","https://cdn.mediaworks.nz/radio/song/images/so_far_away_400_dire_straits.jpg?width=400&height=400&crop=auto"
"120","Killer Queen","","Queen","","","2020-10-25 18:55:00","https://cdn.mediaworks.nz/radio/song/images/killer_queen_400_queen.jpg?width=400&height=400&crop=auto"
"121","Khe Sanh","","Cold Chisel","","","2020-10-25 18:50:00","https://cdn.mediaworks.nz/radio/song/images/khe_sanh_400_cold_chisel.jpg?width=400&height=400&crop=auto"
"122","La Grange","","ZZ Top","","","2020-10-25 18:45:00","https://cdn.mediaworks.nz/radio/song/images/la_grange_400_zz_top.jpg?width=400&height=400&crop=auto"
"123","Goodbye Yellow Brick Road","","Elton John","","","2020-10-25 18:40:00","https://cdn.mediaworks.nz/radio/song/images/goodbye_yellow_brick_road_400_elton_john.jpg?width=400&height=400&crop=auto"
"124","Money For Nothing","","Dire Straits","","","2020-10-25 18:35:00","https://cdn.mediaworks.nz/radio/song/images/money_for_nothing_400_dire_straits.jpg?width=400&height=400&crop=auto"
"125","Going To California","","Led Zeppelin","","","2020-10-25 18:30:00","https://cdn.mediaworks.nz/radio/song/images/going_to_california_400_led_zeppelin.jpg?width=400&height=400&crop=auto"
"126","White Room","","Cream","","","2020-10-25 18:25:00","https://cdn.mediaworks.nz/radio/song/images/white_room_400_cream.jpg?width=400&height=400&crop=auto"
"127","Stop Draggin' My Heart","","Stevie Nicks & Tom Pe...","","","2020-10-25 18:20:00","https://cdn.mediaworks.nz/thesound/Content/apps/theme/images/thesound_square4x.png?width=400&height=400&crop=auto"
"128","Black Night","","Deep Purple","","","2020-10-25 18:15:00","https://cdn.mediaworks.nz/radio/song/images/black_night_400_deep_purple.jpg?width=400&height=400&crop=auto"
"129","Wild Horses","","Rolling Stones","","","2020-10-25 18:10:00","https://cdn.mediaworks.nz/radio/song/images/wild_horses_400_rolling_stones.jpg?width=400&height=400&crop=auto"
"130","People","","Mi-Sex","","","2020-10-25 18:05:00","https://cdn.mediaworks.nz/radio/song/images/people_400_mi_sex.jpg?width=400&height=400&crop=auto"
"131","Ashes To Ashes","","David Bowie","","","2020-10-25 18:00:00","https://cdn.mediaworks.nz/radio/song/images/ashes_to_ashes_400_david_bowie.jpg?width=400&height=400&crop=auto"
"132","Bad To The Bone","","George Thorogood & ...","","","2020-10-25 17:55:00","https://cdn.mediaworks.nz/radio/song/images/bad_to_the_bone_400_george_thorogood_.jpg?width=400&height=400&crop=auto"
"133","Come Together","","Beatles","","","2020-10-25 17:50:00","https://cdn.mediaworks.nz/radio/song/images/come_together_400_beatles.jpg?width=400&height=400&crop=auto"
"134","Down To The Waterline","","Dire Straits","","","2020-10-25 17:45:00","https://cdn.mediaworks.nz/radio/song/images/down_to_the_waterline_400_dire_straits.jpg?width=400&height=400&crop=auto"
"135","People Are Strange","","Doors","","","2020-10-25 17:40:00","https://cdn.mediaworks.nz/radio/song/images/people_are_strange_400_doors.jpg?width=400&height=400&crop=auto"
"136","Take Me To The River","","Talking Heads","","","2020-10-25 17:35:00","https://cdn.mediaworks.nz/radio/song/images/take_me_to_the_river_400_talking_heads.jpg?width=400&height=400&crop=auto"
"137","Bloody Well Right","","Supertramp","","","2020-10-25 17:30:00","https://cdn.mediaworks.nz/radio/song/images/bloody_well_right_400_supertramp.jpg?width=400&height=400&crop=auto"
"138","Dreams","","Fleetwood Mac","","","2020-10-25 17:25:00","https://cdn.mediaworks.nz/radio/song/images/dreams_400_fleetwood_mac.jpg?width=400&height=400&crop=auto"
"139","Let's Dance","","David Bowie","","","2020-10-25 17:20:00","https://cdn.mediaworks.nz/radio/song/images/let_s_dance_400_david_bowie.jpg?width=400&height=400&crop=auto"
"140","Hollywood Nights","","Bob Seger & The Silve...","","","2020-10-25 17:15:00","https://cdn.mediaworks.nz/radio/song/images/hollywood_nights_400_bob_seger_the_silve_.jpg?width=400&height=400&crop=auto"
"141","One Way Or Another","","Blondie","","","2020-10-25 17:10:00","https://cdn.mediaworks.nz/radio/song/images/one_way_or_another_400_blondie.jpg?width=400&height=400&crop=auto"
"142","Dirty Deeds Done Dirt Cheap","","AC/DC","","","2020-10-25 17:05:00","https://cdn.mediaworks.nz/radio/song/images/dirty_deeds_done_dirt_cheap_400_ac_dc.jpg?width=400&height=400&crop=auto"
"143","Dreadlock Holiday","","10CC","","","2020-10-25 17:00:00","https://cdn.mediaworks.nz/radio/song/images/dreadlock_holiday_400_10cc.jpg?width=400&height=400&crop=auto"
"144","Learning To Fly","","Tom Petty & the Hear...","","","2020-10-25 16:55:00","https://cdn.mediaworks.nz/radio/song/images/learning_to_fly_400_tom_petty_the_hear_.jpg?width=400&height=400&crop=auto"
"145","Blinded By The Light","","Manfred Mann's Earth...","","","2020-10-25 16:50:00","https://cdn.mediaworks.nz/radio/song/images/blinded_by_the_light_400_manfred_mann_s_earth_.jpg?width=400&height=400&crop=auto"
"146","Still In Love With You","","Dragon","","","2020-10-25 16:45:00","https://cdn.mediaworks.nz/radio/song/images/still_in_love_with_you_400_dragon.jpg?width=400&height=400&crop=auto"
"147","Copperhead Road","","Steve Earle","","","2020-10-25 16:40:00","https://cdn.mediaworks.nz/radio/song/images/copperhead_road_400_steve_earle.jpg?width=400&height=400&crop=auto"
"148","I Want To Break Free","","Queen","","","2020-10-25 16:35:00","https://cdn.mediaworks.nz/radio/song/images/i_want_to_break_free_400_queen.jpg?width=400&height=400&crop=auto"
"149","Fortunate Son","","Creedence Clearwate...","","","2020-10-25 16:30:00","https://cdn.mediaworks.nz/radio/song/images/fortunate_son_400_creedence_clearwate_.jpg?width=400&height=400&crop=auto"
"150","White Wedding","","Billy Idol","","","2020-10-25 16:25:00","https://cdn.mediaworks.nz/radio/song/images/white_wedding_400_billy_idol.jpg?width=400&height=400&crop=auto"
"151","Modern Love","","David Bowie","","","2020-10-25 16:20:00","https://cdn.mediaworks.nz/radio/song/images/modern_love_400_david_bowie.jpg?width=400&height=400&crop=auto"
"152","Panama","","Van Halen","","","2020-10-25 16:15:00","https://cdn.mediaworks.nz/radio/song/images/panama_400_van_halen.jpg?width=400&height=400&crop=auto"
"153","Hey Joe","","Jimi Hendrix","","","2020-10-25 16:10:00","https://cdn.mediaworks.nz/radio/song/images/hey_joe_400_jimi_hendrix.jpg?width=400&height=400&crop=auto"
"154","Industrial Disease","","Dire Straits","","","2020-10-25 16:05:00","https://cdn.mediaworks.nz/radio/song/images/industrial_disease_400_dire_straits.jpg?width=400&height=400&crop=auto"
"155","For Those About To Rock","","AC/DC","","","2020-10-25 16:00:00","https://cdn.mediaworks.nz/radio/song/images/for_those_about_to_rock_400_ac_dc.jpg?width=400&height=400&crop=auto"
"156","Whip It","","Devo","","","2020-10-25 15:55:00","https://cdn.mediaworks.nz/radio/song/images/whip_it_400_devo.jpg?width=400&height=400&crop=auto"
"157","You Really Got Me","","Kinks","","","2020-10-25 15:50:00","https://cdn.mediaworks.nz/radio/song/images/you_really_got_me_400_kinks.jpg?width=400&height=400&crop=auto"
"158","Mary Jane's Last Dance","","Tom Petty & the Hear...","","","2020-10-25 15:45:00","https://cdn.mediaworks.nz/radio/song/images/mary_jane_s_last_dance_400_tom_petty_the_hear_.jpg?width=400&height=400&crop=auto"
"159","Suffragette City","","David Bowie","","","2020-10-25 15:40:00","https://cdn.mediaworks.nz/radio/song/images/suffragette_city_400_david_bowie.jpg?width=400&height=400&crop=auto"
"160","Free Fallin'","","Tom Petty","","","2020-10-25 15:35:00","https://cdn.mediaworks.nz/radio/song/images/free_fallin__400_tom_petty.jpg?width=400&height=400&crop=auto"
"161","Strawberry Fields Forever","","Beatles","","","2020-10-25 15:30:00","https://cdn.mediaworks.nz/radio/song/images/strawberry_fields_forever_400_beatles.jpg?width=400&height=400&crop=auto"
"162","Sara","","Fleetwood Mac","","","2020-10-25 15:25:00","https://cdn.mediaworks.nz/radio/song/images/sara_400_fleetwood_mac.jpg?width=400&height=400&crop=auto"
"163","Lady Writer","","Dire Straits","","","2020-10-25 15:20:00","https://cdn.mediaworks.nz/radio/song/images/lady_writer_400_dire_straits.jpg?width=400&height=400&crop=auto"
"164","We Are The Champions","","Queen","","","2020-10-25 15:15:00","https://cdn.mediaworks.nz/radio/song/images/we_are_the_champions_400_queen.jpg?width=400&height=400&crop=auto"
"165","Piano Man","","Billy Joel","","","2020-10-25 15:10:00","https://cdn.mediaworks.nz/radio/song/images/piano_man_400_billy_joel.jpg?width=400&height=400&crop=auto"
"166","Cocaine","","Eric Clapton","","","2020-10-25 15:05:00","https://cdn.mediaworks.nz/radio/song/images/cocaine_400_eric_clapton.jpg?width=400&height=400&crop=auto"
"167","I Want It All","","Queen","","","2020-10-25 15:00:00","https://cdn.mediaworks.nz/radio/song/images/i_want_it_all_400_queen.jpg?width=400&height=400&crop=auto"
"168","Love Her Madly","","Doors","","","2020-10-25 14:55:00","https://cdn.mediaworks.nz/radio/song/images/love_her_madly_400_doors.jpg?width=400&height=400&crop=auto"
"169","Road To Nowhere","","Talking Heads","","","2020-10-25 14:50:00","https://cdn.mediaworks.nz/radio/song/images/road_to_nowhere_400_talking_heads.jpg?width=400&height=400&crop=auto"
"170","Poor Boy","","Split Enz","","","2020-10-25 14:45:00","https://cdn.mediaworks.nz/radio/song/images/poor_boy_400_split_enz.jpg?width=400&height=400&crop=auto"
"171","Flame Trees","","Cold Chisel","","","2020-10-25 14:40:00","https://cdn.mediaworks.nz/radio/song/images/flame_trees_400_cold_chisel.jpg?width=400&height=400&crop=auto"
"172","Legs","","ZZ Top","","","2020-10-25 14:35:00","https://cdn.mediaworks.nz/radio/song/images/legs_400_zz_top.jpg?width=400&height=400&crop=auto"
"173","Start Me Up","","Rolling Stones","","","2020-10-25 14:30:00","https://cdn.mediaworks.nz/radio/song/images/start_me_up_400_rolling_stones.jpg?width=400&height=400&crop=auto"
"174","Sound And Vision","","David Bowie","","","2020-10-25 14:25:00","https://cdn.mediaworks.nz/radio/song/images/sound_and_vision_400_david_bowie.jpg?width=400&height=400&crop=auto"
"175","Night Moves","","Bob Seger & The Silve...","","","2020-10-25 14:20:00","https://cdn.mediaworks.nz/radio/song/images/night_moves_400_bob_seger_the_silve_.jpg?width=400&height=400&crop=auto"
"176","Old Man","","Neil Young","","","2020-10-25 14:15:00","https://cdn.mediaworks.nz/radio/song/images/old_man_400_neil_young.jpg?width=400&height=400&crop=auto"
"177","Ramble On","","Led Zeppelin","","","2020-10-25 14:10:00","https://cdn.mediaworks.nz/radio/song/images/ramble_on_400_led_zeppelin.jpg?width=400&height=400&crop=auto"
"178","For What It's Worth (Stop, Hey What's That Sound)","","Buffalo Springfield","","","2020-10-25 14:05:00","https://cdn.mediaworks.nz/radio/song/images/for_what_it_s_worth_stop_hey_what_s_that_sound__400_buffalo_springfield.jpg?width=400&height=400&crop=auto"
"179","Ballroom Blitz","","Sweet","","","2020-10-25 14:00:00","https://cdn.mediaworks.nz/radio/song/images/ballroom_blitz_400_sweet.jpg?width=400&height=400&crop=auto"
"180","Fame","","David Bowie","","","2020-10-25 13:55:00","https://cdn.mediaworks.nz/radio/song/images/fame_400_david_bowie.jpg?width=400&height=400&crop=auto"
"181","Heart Of Glass","","Blondie","","","2020-10-25 13:50:00","https://cdn.mediaworks.nz/radio/song/images/heart_of_glass_400_blondie.jpg?width=400&height=400&crop=auto"
"182","Don't Stop","","Fleetwood Mac","","","2020-10-25 13:45:00","https://cdn.mediaworks.nz/radio/song/images/don_t_stop_400_fleetwood_mac.jpg?width=400&height=400&crop=auto"
"183","American Girl","","Tom Petty & the Hear...","","","2020-10-25 13:40:00","https://cdn.mediaworks.nz/radio/song/images/american_girl_400_tom_petty_the_hear_.jpg?width=400&height=400&crop=auto"
"184","Gimme Shelter","","Rolling Stones","","","2020-10-25 13:35:00","https://cdn.mediaworks.nz/radio/song/images/gimme_shelter_400_rolling_stones.jpg?width=400&height=400&crop=auto"
"185","Roxanne","","Police","","","2020-10-25 13:30:00","https://cdn.mediaworks.nz/radio/song/images/roxanne_400_police.jpg?width=400&height=400&crop=auto"
"186","Lyin' Eyes","","Eagles","","","2020-10-25 13:25:00","https://cdn.mediaworks.nz/radio/song/images/lyin_eyes_400_eagles.jpg?width=400&height=400&crop=auto"
"187","Under Pressure","","Queen & David Bowie","","","2020-10-25 13:20:00","https://cdn.mediaworks.nz/radio/song/images/under_pressure_400_queen_david_bowie.jpg?width=400&height=400&crop=auto"
"188","T.N.T.","","AC/DC","","","2020-10-25 13:15:00","https://cdn.mediaworks.nz/radio/song/images/t_n_t__400_ac_dc.jpg?width=400&height=400&crop=auto"
"189","Message In A Bottle","","Police","","","2020-10-25 13:10:00","https://cdn.mediaworks.nz/radio/song/images/message_in_a_bottle_400_police.jpg?width=400&height=400&crop=auto"
"190","Solsbury Hill","","Peter Gabriel","","","2020-10-25 13:05:00","https://cdn.mediaworks.nz/radio/song/images/solsbury_hill_400_peter_gabriel.jpg?width=400&height=400&crop=auto"
"191","The Logical Song","","Supertramp","","","2020-10-25 13:00:00","https://cdn.mediaworks.nz/radio/song/images/the_logical_song_400_supertramp.jpg?width=400&height=400&crop=auto"
"192","Go Your Own Way","","Fleetwood Mac","","","2020-10-25 12:55:00","https://cdn.mediaworks.nz/radio/song/images/go_your_own_way_400_fleetwood_mac.jpg?width=400&height=400&crop=auto"
"193","My Generation","","Who","","","2020-10-25 12:50:00","https://cdn.mediaworks.nz/radio/song/images/my_generation_400_who.jpg?width=400&height=400&crop=auto"
"194","Be Good Johnny","","Men At Work","","","2020-10-25 12:45:00","https://cdn.mediaworks.nz/radio/song/images/be_good_johnny_400_men_at_work.jpg?width=400&height=400&crop=auto"
"195","Burning Down The House","","Talking Heads","","","2020-10-25 12:40:00","https://cdn.mediaworks.nz/radio/song/images/burning_down_the_house_400_talking_heads.jpg?width=400&height=400&crop=auto"
"196","Yesterday","","Beatles","","","2020-10-25 12:35:00","https://cdn.mediaworks.nz/radio/song/images/yesterday_400_beatles.jpg?width=400&height=400&crop=auto"
"197","Livin' On A Prayer","","Bon Jovi","","","2020-10-25 12:30:00","https://cdn.mediaworks.nz/radio/song/images/livin_on_a_prayer_400_bon_jovi.jpg?width=400&height=400&crop=auto"
"198","Let's Go","","Cars","","","2020-10-25 12:25:00","https://cdn.mediaworks.nz/radio/song/images/let_s_go_400_cars.jpg?width=400&height=400&crop=auto"
"199","Oh Yeah","","Roxy Music","","","2020-10-25 12:20:00","https://cdn.mediaworks.nz/radio/song/images/oh_yeah_400_roxy_music.jpg?width=400&height=400&crop=auto"
"200","D'yer Mak'er","","Led Zeppelin","","","2020-10-25 12:15:00","https://cdn.mediaworks.nz/radio/song/images/d_yer_mak_er_400_led_zeppelin.jpg?width=400&height=400&crop=auto"
"201","I Won't Back Down","","Tom Petty","","","2020-10-25 12:10:00","https://cdn.mediaworks.nz/radio/song/images/i_won_t_back_down_400_tom_petty.jpg?width=400&height=400&crop=auto"
"202","That Look In Your Eyes","","Th' Dudes","","","2020-10-25 12:05:00","https://cdn.mediaworks.nz/radio/song/images/that_look_in_your_eyes_400_th_dudes.jpg?width=400&height=400&crop=auto"
"203","Changes","","David Bowie","","","2020-10-25 12:00:00","https://cdn.mediaworks.nz/radio/song/images/changes_400_david_bowie.jpg?width=400&height=400&crop=auto"
"204","Born To Be Wild","","Steppenwolf","","","2020-10-25 11:55:00","https://cdn.mediaworks.nz/radio/song/images/born_to_be_wild_400_steppenwolf.jpg?width=400&height=400&crop=auto"
"205","Heart Of Gold","","Neil Young","","","2020-10-25 11:50:00","https://cdn.mediaworks.nz/radio/song/images/heart_of_gold_400_neil_young.jpg?width=400&height=400&crop=auto"
"206","Home By The Sea","","Genesis","","","2020-10-25 11:45:00","https://cdn.mediaworks.nz/radio/song/images/home_by_the_sea_400_genesis.jpg?width=400&height=400&crop=auto"
"207","Norwegian Wood (This Bird Has Flown)","","Beatles","","","2020-10-25 11:40:00","https://cdn.mediaworks.nz/radio/song/images/norwegian_wood_this_bird_has_flown__400_beatles.jpg?width=400&height=400&crop=auto"
"208","Rhiannon","","Fleetwood Mac","","","2020-10-25 11:35:00","https://cdn.mediaworks.nz/radio/song/images/rhiannon_400_fleetwood_mac.jpg?width=400&height=400&crop=auto"
"209","Mr. Blue Sky","","Electric Light Orchestra","","","2020-10-25 11:30:00","https://cdn.mediaworks.nz/radio/song/images/mr_blue_sky_400_electric_light_orchestra.jpg?width=400&height=400&crop=auto"
"210","Breakfast In America","","Supertramp","","","2020-10-25 11:25:00","https://cdn.mediaworks.nz/radio/song/images/breakfast_in_america_400_supertramp.jpg?width=400&height=400&crop=auto"
"211","Turn The Page","","Bob Seger & The Silve...","","","2020-10-25 11:20:00","https://cdn.mediaworks.nz/radio/song/images/turn_the_page_400_bob_seger_the_silve_.jpg?width=400&height=400&crop=auto"
"212","Tie Your Mother Down","","Queen","","","2020-10-25 11:15:00","https://cdn.mediaworks.nz/radio/song/images/tie_your_mother_down_400_queen.jpg?width=400&height=400&crop=auto"
"213","Walking On The Moon","","Police","","","2020-10-25 11:10:00","https://cdn.mediaworks.nz/radio/song/images/walking_on_the_moon_400_police.jpg?width=400&height=400&crop=auto"
"214","Get Off My Cloud","","Rolling Stones","","","2020-10-25 11:05:00","https://cdn.mediaworks.nz/radio/song/images/get_off_my_cloud_400_rolling_stones.jpg?width=400&height=400&crop=auto"
"215","Brain Damage","","Pink Floyd","","","2020-10-25 11:00:00","https://cdn.mediaworks.nz/radio/song/images/brain_damage_400_pink_floyd.jpg?width=400&height=400&crop=auto"
"216","London Calling","","Clash","","","2020-10-25 10:55:00","https://cdn.mediaworks.nz/radio/song/images/london_calling_400_clash.jpg?width=400&height=400&crop=auto"
"217","Big Log","","Robert Plant","","","2020-10-25 10:50:00","https://cdn.mediaworks.nz/radio/song/images/big_log_400_robert_plant.jpg?width=400&height=400&crop=auto"
"218","Girlfriend Is Better","","Talking Heads","","","2020-10-25 10:45:00","https://cdn.mediaworks.nz/radio/song/images/girlfriend_is_better_400_talking_heads.jpg?width=400&height=400&crop=auto"
"219","The Waiting","","Tom Petty & the Hear...","","","2020-10-25 10:40:00","https://cdn.mediaworks.nz/radio/song/images/the_waiting_400_tom_petty_the_hear_.jpg?width=400&height=400&crop=auto"
"220","Baba O'Reilly","","Who","","","2020-10-25 10:35:00","https://cdn.mediaworks.nz/radio/song/images/baba_o_reilly_400_who.jpg?width=400&height=400&crop=auto"
"221","Dirty Creature","","Split Enz","","","2020-10-25 10:30:00","https://cdn.mediaworks.nz/radio/song/images/dirty_creature_400_split_enz.jpg?width=400&height=400&crop=auto"
"222","Rebel Yell","","Billy Idol","","","2020-10-25 10:25:00","https://cdn.mediaworks.nz/radio/song/images/rebel_yell_400_billy_idol.jpg?width=400&height=400&crop=auto"
"223","A Whiter Shade Of Pale","","Procol Harum","","","2020-10-25 10:20:00","https://cdn.mediaworks.nz/radio/song/images/a_whiter_shade_of_pale_400_procol_harum.jpg?width=400&height=400&crop=auto"
"224","Promised You A Miracle","","Simple Minds","","","2020-10-25 10:15:00","https://cdn.mediaworks.nz/radio/song/images/promised_you_a_miracle_400_simple_minds.jpg?width=400&height=400&crop=auto"
"225","Break On Through","","Doors","","","2020-10-25 10:10:00","https://cdn.mediaworks.nz/radio/song/images/break_on_through_400_doors.jpg?width=400&height=400&crop=auto"
"226","Sunday Bloody Sunday","","U2","","","2020-10-24 22:15:31","https://cdn.mediaworks.nz/radio/song/images/sunday_bloody_sunday_400_u2.jpg?width=400&height=400&crop=auto"
"227","All Right Now","","Free","","","2020-10-24 22:09:56","https://cdn.mediaworks.nz/radio/song/images/all_right_now_400_free.jpg?width=400&height=400&crop=auto"
"228","Bennie And The Jets","","Elton John","","","2020-10-24 22:04:21","https://cdn.mediaworks.nz/radio/song/images/bennie_and_the_jets_400_elton_john.jpg?width=400&height=400&crop=auto"
"229","A Horse With No Name","","America","","","2020-10-24 21:58:46","https://cdn.mediaworks.nz/radio/song/images/a_horse_with_no_name_400_america.jpg?width=400&height=400&crop=auto"
"230","Radio Ga-Ga","","Queen","","","2020-10-24 21:53:11","https://cdn.mediaworks.nz/radio/song/images/radio_ga_ga_400_queen.jpg?width=400&height=400&crop=auto"
"231","All The Young Dudes","","Mott The Hoople","","","2020-10-24 21:47:36","https://cdn.mediaworks.nz/radio/song/images/all_the_young_dudes_400_mott_the_hoople.jpg?width=400&height=400&crop=auto"
"232","Evil Woman","","Electric Light Orchestra","","","2020-10-24 21:42:01","https://cdn.mediaworks.nz/radio/song/images/evil_woman_400_electric_light_orchestra.jpg?width=400&height=400&crop=auto"
"233","Gold Dust Woman","","Fleetwood Mac","","","2020-10-24 21:36:26","https://cdn.mediaworks.nz/radio/song/images/gold_dust_woman_400_fleetwood_mac.jpg?width=400&height=400&crop=auto"
"234","Do You Feel Like We Do","","Peter Frampton","","","2020-10-24 21:30:51","https://cdn.mediaworks.nz/radio/song/images/do_you_feel_like_we_do_400_peter_frampton.jpg?width=400&height=400&crop=auto"
"235","Because The Night","","Patti Smith Group","","","2020-10-24 21:25:16","https://cdn.mediaworks.nz/radio/song/images/because_the_night_400_patti_smith_group.jpg?width=400&height=400&crop=auto"
"236","Don't Bring Me Down","","Electric Light Orchestra","","","2020-10-24 21:19:41","https://cdn.mediaworks.nz/radio/song/images/don_t_bring_me_down_400_electric_light_orchestra.jpg?width=400&height=400&crop=auto"
"237","Love Hurts","","Nazareth","","","2020-10-24 21:14:06","https://cdn.mediaworks.nz/radio/song/images/love_hurts_400_nazareth.jpg?width=400&height=400&crop=auto"
"238","I Love Rock 'N Roll","","Joan Jett & The Black...","","","2020-10-24 21:08:31","https://cdn.mediaworks.nz/radio/song/images/i_love_rock_n_roll_400_joan_jett_the_black_.jpg?width=400&height=400&crop=auto"
"239","Drive My Car","","Beatles","","","2020-10-24 21:02:56","https://cdn.mediaworks.nz/radio/song/images/drive_my_car_400_beatles.jpg?width=400&height=400&crop=auto"
"240","Mother","","Pink Floyd","","","2020-10-24 20:57:21","https://cdn.mediaworks.nz/radio/song/images/mother_400_pink_floyd.jpg?width=400&height=400&crop=auto"
"241","Need You Tonight","","Inxs","","","2020-10-24 20:51:46","https://cdn.mediaworks.nz/radio/song/images/need_you_tonight_400_inxs.jpg?width=400&height=400&crop=auto"
"242","November Rain","","Guns N' Roses","","","2020-10-24 20:46:11","https://cdn.mediaworks.nz/radio/song/images/november_rain_400_guns_n_roses.jpg?width=400&height=400&crop=auto"
"243","Sunshine Of Your Love","","Cream","","","2020-10-24 20:40:36","https://cdn.mediaworks.nz/radio/song/images/sunshine_of_your_love_400_cream.jpg?width=400&height=400&crop=auto"
"244","Pinball Wizard","","Who","","","2020-10-24 20:35:01","https://cdn.mediaworks.nz/radio/song/images/pinball_wizard_400_who.jpg?width=400&height=400&crop=auto"
"245","Thick As A Brick","","Jethro Tull","","","2020-10-24 20:29:26","https://cdn.mediaworks.nz/radio/song/images/thick_as_a_brick_400_jethro_tull.jpg?width=400&height=400&crop=auto"
"246","Six Months In A Leaky Boat","","Split Enz","","","2020-10-24 20:23:51","https://cdn.mediaworks.nz/radio/song/images/six_months_in_a_leaky_boat_400_split_enz.jpg?width=400&height=400&crop=auto"
"247","Edge Of Seventeen","","Stevie Nicks","","","2020-10-24 20:18:16","https://cdn.mediaworks.nz/radio/song/images/edge_of_seventeen_400_stevie_nicks.jpg?width=400&height=400&crop=auto"
"248","Keep Talking","","Pink Floyd","","","2020-10-24 20:12:41","https://cdn.mediaworks.nz/radio/song/images/keep_talking_400_pink_floyd.jpg?width=400&height=400&crop=auto"
"249","With A Little Help From My Friends","","Joe Cocker","","","2020-10-24 20:07:06","https://cdn.mediaworks.nz/radio/song/images/with_a_little_help_from_my_friends_400_joe_cocker.jpg?width=400&height=400&crop=auto"
"250","I Don't Like Mondays","","Boomtown Rats","","","2020-10-24 20:01:31","https://cdn.mediaworks.nz/radio/song/images/i_don_t_like_mondays_400_boomtown_rats.jpg?width=400&height=400&crop=auto"
"251","Like A Hurricane","","Neil Young","","","2020-10-24 19:55:56","https://cdn.mediaworks.nz/radio/song/images/like_a_hurricane_400_neil_young.jpg?width=400&height=400&crop=auto"
"252","Don't Stop Me Now","","Queen","","","2020-10-24 19:50:21","https://cdn.mediaworks.nz/radio/song/images/don_t_stop_me_now_400_queen.jpg?width=400&height=400&crop=auto"
"253","Say You Love Me","","Fleetwood Mac","","","2020-10-24 19:44:46","https://cdn.mediaworks.nz/radio/song/images/say_you_love_me_400_fleetwood_mac.jpg?width=400&height=400&crop=auto"
"254","Feel Like Makin' Love","","Bad Company","","","2020-10-24 19:39:11","https://cdn.mediaworks.nz/radio/song/images/feel_like_makin_love_400_bad_company.jpg?width=400&height=400&crop=auto"
"255","Gimme All Your Lovin'","","ZZ Top","","","2020-10-24 19:33:36","https://cdn.mediaworks.nz/radio/song/images/gimme_all_your_lovin__400_zz_top.jpg?width=400&height=400&crop=auto"
"256","Welcome To The Jungle","","Guns N' Roses","","","2020-10-24 19:28:01","https://cdn.mediaworks.nz/radio/song/images/welcome_to_the_jungle_400_guns_n_roses.jpg?width=400&height=400&crop=auto"
"257","Walk Of Life","","Dire Straits","","","2020-10-24 19:22:26","https://cdn.mediaworks.nz/radio/song/images/walk_of_life_400_dire_straits.jpg?width=400&height=400&crop=auto"
"258","Good Times Roll","","Cars","","","2020-10-24 19:16:51","https://cdn.mediaworks.nz/radio/song/images/good_times_roll_400_cars.jpg?width=400&height=400&crop=auto"
"259","Losing My Religion","","R.E.M.","","","2020-10-24 19:11:16","https://cdn.mediaworks.nz/radio/song/images/losing_my_religion_400_r_e_m_.jpg?width=400&height=400&crop=auto"
"260","Hells Bells","","AC/DC","","","2020-10-24 19:05:41","https://cdn.mediaworks.nz/radio/song/images/hells_bells_400_ac_dc.jpg?width=400&height=400&crop=auto"
"261","Hush","","Deep Purple","","","2020-10-24 19:00:06","https://cdn.mediaworks.nz/radio/song/images/hush_400_deep_purple.jpg?width=400&height=400&crop=auto"
"262","Here Comes My Girl","","Tom Petty & the Hear...","","","2020-10-24 18:54:31","https://cdn.mediaworks.nz/radio/song/images/here_comes_my_girl_400_tom_petty_the_hear_.jpg?width=400&height=400&crop=auto"
"263","One Of These Nights","","Eagles","","","2020-10-24 18:48:56","https://cdn.mediaworks.nz/radio/song/images/one_of_these_nights_400_eagles.jpg?width=400&height=400&crop=auto"
"264","You Took The Words Right Out Of My Mouth (Hot Summer Night)","","Meat Loaf","","","2020-10-24 18:43:21","https://cdn.mediaworks.nz/radio/song/images/you_took_the_words_right_out_of_my_mouth_hot_summer_night__400_meat_loaf.jpg?width=400&height=400&crop=auto"
"265","Fashion","","David Bowie","","","2020-10-24 18:37:46","https://cdn.mediaworks.nz/radio/song/images/fashion_400_david_bowie.jpg?width=400&height=400&crop=auto"
"266","Expresso Love","","Dire Straits","","","2020-10-24 18:32:11","https://cdn.mediaworks.nz/radio/song/images/expresso_love_400_dire_straits.jpg?width=400&height=400&crop=auto"
"267","Purple Haze","","Jimi Hendrix","","","2020-10-24 18:26:36","https://cdn.mediaworks.nz/radio/song/images/purple_haze_400_jimi_hendrix.jpg?width=400&height=400&crop=auto"
"268","A Kind Of Magic","","Queen","","","2020-10-24 18:21:01","https://cdn.mediaworks.nz/radio/song/images/a_kind_of_magic_400_queen.jpg?width=400&height=400&crop=auto"
"269","One Step Ahead","","Split Enz","","","2020-10-24 18:15:26","https://cdn.mediaworks.nz/radio/song/images/one_step_ahead_400_split_enz.jpg?width=400&height=400&crop=auto"
"270","Seven Wonders","","Fleetwood Mac","","","2020-10-24 18:09:51","https://cdn.mediaworks.nz/radio/song/images/seven_wonders_400_fleetwood_mac.jpg?width=400&height=400&crop=auto"
"271","She Talks To Angels","","Black Crowes","","","2020-10-24 18:04:42","https://cdn.mediaworks.nz/radio/song/images/she_talks_to_angels_400_black_crowes.jpg?width=400&height=400&crop=auto"
"272","Pour Some Sugar On Me","","Def Leppard","","","2020-10-24 17:59:33","https://cdn.mediaworks.nz/radio/song/images/pour_some_sugar_on_me_400_def_leppard.jpg?width=400&height=400&crop=auto"
"273","Live And Let Die","","Wings","","","2020-10-24 17:54:24","https://cdn.mediaworks.nz/radio/song/images/live_and_let_die_400_wings.jpg?width=400&height=400&crop=auto"
"274","Street Cafe","","Icehouse","","","2020-10-24 17:49:15","https://cdn.mediaworks.nz/radio/song/images/street_cafe_400_icehouse.jpg?width=400&height=400&crop=auto"
"275","Sledgehammer","","Peter Gabriel","","","2020-10-24 17:44:06","https://cdn.mediaworks.nz/radio/song/images/sledgehammer_400_peter_gabriel.jpg?width=400&height=400&crop=auto"
"276","All Along The Watchtower","","Jimi Hendrix","","","2020-10-24 17:38:57","https://cdn.mediaworks.nz/radio/song/images/all_along_the_watchtower_400_jimi_hendrix.jpg?width=400&height=400&crop=auto"
"277","That's All","","Genesis","","","2020-10-24 17:33:48","https://cdn.mediaworks.nz/radio/song/images/that_s_all_400_genesis.jpg?width=400&height=400&crop=auto"
"278","Behind Blue Eyes","","Who","","","2020-10-24 17:28:39","https://cdn.mediaworks.nz/radio/song/images/behind_blue_eyes_400_who.jpg?width=400&height=400&crop=auto"
"279","Who Can It Be Now","","Men At Work","","","2020-10-24 17:23:30","https://cdn.mediaworks.nz/radio/song/images/who_can_it_be_now_400_men_at_work.jpg?width=400&height=400&crop=auto"
"280","Do It Again","","Steely Dan","","","2020-10-24 17:18:21","https://cdn.mediaworks.nz/radio/song/images/do_it_again_400_steely_dan.jpg?width=400&height=400&crop=auto"
"281","Lucy In The Sky With Diamonds","","Beatles","","","2020-10-24 17:13:12","https://cdn.mediaworks.nz/radio/song/images/lucy_in_the_sky_with_diamonds_400_beatles.jpg?width=400&height=400&crop=auto"
"282","Love Is A Battlefield","","Pat Benatar","","","2020-10-24 17:08:03","https://cdn.mediaworks.nz/radio/song/images/love_is_a_battlefield_400_pat_benatar.jpg?width=400&height=400&crop=auto"
"283","Love Me Two Times","","Doors","","","2020-10-24 17:02:54","https://cdn.mediaworks.nz/radio/song/images/love_me_two_times_400_doors.jpg?width=400&height=400&crop=auto"
"284","Tiny Dancer","","Elton John","","","2020-10-24 16:57:45","https://cdn.mediaworks.nz/radio/song/images/tiny_dancer_400_elton_john.jpg?width=400&height=400&crop=auto"
"285","Magic Man","","Heart","","","2020-10-24 16:52:36","https://cdn.mediaworks.nz/radio/song/images/magic_man_400_heart.jpg?width=400&height=400&crop=auto"
"286","Take It Easy","","Eagles","","","2020-10-24 16:47:27","https://cdn.mediaworks.nz/radio/song/images/take_it_easy_400_eagles.jpg?width=400&height=400&crop=auto"
"287","Vienna","","Ultravox","","","2020-10-24 16:42:18","https://cdn.mediaworks.nz/radio/song/images/vienna_400_ultravox.jpg?width=400&height=400&crop=auto"
"288","China Grove","","Doobie Brothers","","","2020-10-24 16:37:09","https://cdn.mediaworks.nz/radio/song/images/china_grove_400_doobie_brothers.jpg?width=400&height=400&crop=auto"
"289","Rocket Man","","Elton John","","","2020-10-24 16:32:00","https://cdn.mediaworks.nz/radio/song/images/rocket_man_400_elton_john.jpg?width=400&height=400&crop=auto"
"290","Telephone Line","","Electric Light Orchestra","","","2020-10-24 16:26:51","https://cdn.mediaworks.nz/radio/song/images/telephone_line_400_electric_light_orchestra.jpg?width=400&height=400&crop=auto"
"291","Glory Days","","Bruce Springsteen","","","2020-10-24 16:21:42","https://cdn.mediaworks.nz/radio/song/images/glory_days_400_bruce_springsteen.jpg?width=400&height=400&crop=auto"
"292","Heartache Tonight","","Eagles","","","2020-10-24 16:16:33","https://cdn.mediaworks.nz/radio/song/images/heartache_tonight_400_eagles.jpg?width=400&height=400&crop=auto"
"293","Have You Ever Seen The Rain","","Creedence Clearwate...","","","2020-10-24 16:11:24","https://cdn.mediaworks.nz/radio/song/images/have_you_ever_seen_the_rain_400_creedence_clearwate_.jpg?width=400&height=400&crop=auto"
"294","Working Class Man","","Jimmy Barnes","","","2020-10-24 16:06:15","https://cdn.mediaworks.nz/radio/song/images/working_class_man_400_jimmy_barnes.jpg?width=400&height=400&crop=auto"
"295","Golden Years","","David Bowie","","","2020-10-24 16:01:06","https://cdn.mediaworks.nz/radio/song/images/golden_years_400_david_bowie.jpg?width=400&height=400&crop=auto"
"296","Listen Like Thieves","","Inxs","","","2020-10-24 15:55:57","https://cdn.mediaworks.nz/radio/song/images/listen_like_thieves_400_inxs.jpg?width=400&height=400&crop=auto"
"297","Nature","","Mutton Birds","","","2020-10-24 15:50:48","https://cdn.mediaworks.nz/radio/song/images/nature_400_mutton_birds.jpg?width=400&height=400&crop=auto"
"298","Every Breath You Take","","Police","","","2020-10-24 15:45:39","https://cdn.mediaworks.nz/radio/song/images/every_breath_you_take_400_police.jpg?width=400&height=400&crop=auto"
"299","Paradise City","","Guns N' Roses","","","2020-10-24 15:40:30","https://cdn.mediaworks.nz/radio/song/images/paradise_city_400_guns_n_roses.jpg?width=400&height=400&crop=auto"
"300","Wild Wild Life","","Talking Heads","","","2020-10-24 15:35:21","https://cdn.mediaworks.nz/radio/song/images/wild_wild_life_400_talking_heads.jpg?width=400&height=400&crop=auto"
"301","Brown Sugar","","Rolling Stones","","","2020-10-24 15:30:12","https://cdn.mediaworks.nz/radio/song/images/brown_sugar_400_rolling_stones.jpg?width=400&height=400&crop=auto"
"302","Down Under","","Men At Work","","","2020-10-24 15:25:03","https://cdn.mediaworks.nz/radio/song/images/down_under_400_men_at_work.jpg?width=400&height=400&crop=auto"
"303","Pride (In The Name Of Love)","","U2","","","2020-10-24 15:19:54","https://cdn.mediaworks.nz/radio/song/images/pride_in_the_name_of_love__400_u2.jpg?width=400&height=400&crop=auto"
"304","China Girl","","David Bowie","","","2020-10-24 15:14:45","https://cdn.mediaworks.nz/radio/song/images/china_girl_400_david_bowie.jpg?width=400&height=400&crop=auto"
"305","Roadhouse Blues","","Doors","","","2020-10-24 15:09:36","https://cdn.mediaworks.nz/radio/song/images/roadhouse_blues_400_doors.jpg?width=400&height=400&crop=auto"
"306","We Belong","","Pat Benatar","","","2020-10-24 15:04:27","https://cdn.mediaworks.nz/radio/song/images/we_belong_400_pat_benatar.jpg?width=400&height=400&crop=auto"
"307","Band On The Run","","Wings","","","2020-10-24 14:59:18","https://cdn.mediaworks.nz/radio/song/images/band_on_the_run_400_wings.jpg?width=400&height=400&crop=auto"
"308","No Secrets","","Angels","","","2020-10-24 14:54:09","https://cdn.mediaworks.nz/radio/song/images/no_secrets_400_angels.jpg?width=400&height=400&crop=auto"
"309","Piece Of My Heart","","Big Brother & The Hol...","","","2020-10-24 14:49:00","https://cdn.mediaworks.nz/radio/song/images/piece_of_my_heart_400_big_brother_the_hol_.jpg?width=400&height=400&crop=auto"
"310","Here I Go Again","","Whitesnake","","","2020-10-24 14:43:51","https://cdn.mediaworks.nz/radio/song/images/here_i_go_again_400_whitesnake.jpg?width=400&height=400&crop=auto"
"311","Aqualung","","Jethro Tull","","","2020-10-24 14:38:42","https://cdn.mediaworks.nz/radio/song/images/aqualung_400_jethro_tull.jpg?width=400&height=400&crop=auto"
"312","Breakdown","","Tom Petty & the Hear...","","","2020-10-24 14:33:33","https://cdn.mediaworks.nz/thesound/Content/apps/theme/images/thesound_square4x.png?width=400&height=400&crop=auto"
"313","Rebel Rebel","","David Bowie","","","2020-10-24 14:28:24","https://cdn.mediaworks.nz/radio/song/images/rebel_rebel_400_david_bowie.jpg?width=400&height=400&crop=auto"
"314","Goodbye Stranger","","Supertramp","","","2020-10-24 14:23:15","https://cdn.mediaworks.nz/radio/song/images/goodbye_stranger_400_supertramp.jpg?width=400&height=400&crop=auto"
"315","The Boys Are Back In Town","","Thin Lizzy","","","2020-10-24 14:18:06","https://cdn.mediaworks.nz/radio/song/images/the_boys_are_back_in_town_400_thin_lizzy.jpg?width=400&height=400&crop=auto"
"316","Ticket To Ride","","Beatles","","","2020-10-24 14:12:57","https://cdn.mediaworks.nz/radio/song/images/ticket_to_ride_400_beatles.jpg?width=400&height=400&crop=auto"
"317","My Mistake","","Split Enz","","","2020-10-24 14:07:48","https://cdn.mediaworks.nz/radio/song/images/my_mistake_400_split_enz.jpg?width=400&height=400&crop=auto"
"318","Wonderful Tonight","","Eric Clapton","","","2020-10-24 14:02:39","https://cdn.mediaworks.nz/radio/song/images/wonderful_tonight_400_eric_clapton.jpg?width=400&height=400&crop=auto"
"319","You Ain't Seen Nothing Yet","","Bachman-Turner Over...","","","2020-10-24 13:57:30","https://cdn.mediaworks.nz/radio/song/images/you_ain_t_seen_nothing_yet_400_bachman_turner_over_.jpg?width=400&height=400&crop=auto"
"320","Don't Dream It's Over","","Crowded House","","","2020-10-24 13:52:21","https://cdn.mediaworks.nz/radio/song/images/don_t_dream_it_s_over_400_crowded_house.jpg?width=400&height=400&crop=auto"
"321","Don't Do Me Like That","","Tom Petty & the Hear...","","","2020-10-24 13:47:12","https://cdn.mediaworks.nz/radio/song/images/don_t_do_me_like_that_400_tom_petty_the_hear_.jpg?width=400&height=400&crop=auto"
"322","Crazy Little Thing Called Love","","Queen","","","2020-10-24 13:42:03","https://cdn.mediaworks.nz/radio/song/images/crazy_little_thing_called_love_400_queen.jpg?width=400&height=400&crop=auto"
"323","When The War Is Over","","Cold Chisel","","","2020-10-24 13:36:54","https://cdn.mediaworks.nz/radio/song/images/when_the_war_is_over_400_cold_chisel.jpg?width=400&height=400&crop=auto"
"324","Big Time","","Peter Gabriel","","","2020-10-24 13:31:45","https://cdn.mediaworks.nz/radio/song/images/big_time_400_peter_gabriel.jpg?width=400&height=400&crop=auto"
"325","Never Tear Us Apart","","Inxs","","","2020-10-24 13:26:36","https://cdn.mediaworks.nz/radio/song/images/never_tear_us_apart_400_inxs.jpg?width=400&height=400&crop=auto"
"326","I Heard it Through the Grapevine","","Creedence Clearwate...","","","2020-10-24 13:21:27","https://cdn.mediaworks.nz/radio/song/images/i_heard_it_through_the_grapevine_400_creedence_clearwate_.jpg?width=400&height=400&crop=auto"
"327","Dancing In The Dark","","Bruce Springsteen","","","2020-10-24 13:16:18","https://cdn.mediaworks.nz/radio/song/images/dancing_in_the_dark_400_bruce_springsteen.jpg?width=400&height=400&crop=auto"
"328","I'm Not In Love","","10CC","","","2020-10-24 13:11:09","https://cdn.mediaworks.nz/radio/song/images/i_m_not_in_love_400_10cc.jpg?width=400&height=400&crop=auto"
"329","Crocodile Rock","","Elton John","","","2020-10-24 13:06:00","https://cdn.mediaworks.nz/radio/song/images/crocodile_rock_400_elton_john.jpg?width=400&height=400&crop=auto"
"330","Every Little Thing She Does Is Magic","","Police","","","2020-10-24 13:00:51","https://cdn.mediaworks.nz/radio/song/images/every_little_thing_she_does_is_magic_400_police.jpg?width=400&height=400&crop=auto"
"331","Lola","","Kinks","","","2020-10-24 12:55:42","https://cdn.mediaworks.nz/radio/song/images/lola_400_kinks.jpg?width=400&height=400&crop=auto"
"332","Tusk","","Fleetwood Mac","","","2020-10-24 12:50:33","https://cdn.mediaworks.nz/radio/song/images/tusk_400_fleetwood_mac.jpg?width=400&height=400&crop=auto"
"333","My Sweet Lord","","George Harrison","","","2020-10-24 12:45:24","https://cdn.mediaworks.nz/radio/song/images/my_sweet_lord_400_george_harrison.jpg?width=400&height=400&crop=auto"
"334","Jet","","Wings","","","2020-10-24 12:40:15","https://cdn.mediaworks.nz/radio/song/images/jet_400_wings.jpg?width=400&height=400&crop=auto"
"335","New Kid In Town","","Eagles","","","2020-10-24 12:35:06","https://cdn.mediaworks.nz/radio/song/images/new_kid_in_town_400_eagles.jpg?width=400&height=400&crop=auto"
"336","Moneytalks","","AC/DC","","","2020-10-24 12:29:57","https://cdn.mediaworks.nz/radio/song/images/moneytalks_400_ac_dc.jpg?width=400&height=400&crop=auto"
"337","Get Back","","Beatles","","","2020-10-24 12:24:48","https://cdn.mediaworks.nz/radio/song/images/get_back_400_beatles.jpg?width=400&height=400&crop=auto"
"338","Reeling In The Years","","Steely Dan","","","2020-10-24 12:19:39","https://cdn.mediaworks.nz/radio/song/images/reeling_in_the_years_400_steely_dan.jpg?width=400&height=400&crop=auto"
"339","The Wind Cries Mary","","Jimi Hendrix","","","2020-10-24 12:14:30","https://cdn.mediaworks.nz/radio/song/images/the_wind_cries_mary_400_jimi_hendrix.jpg?width=400&height=400&crop=auto"
"340","Touch Me","","Doors","","","2020-10-24 12:09:21","https://cdn.mediaworks.nz/radio/song/images/touch_me_400_doors.jpg?width=400&height=400&crop=auto"
"341","The Boys Of Summer","","Don Henley","","","2020-10-24 12:04:12","https://cdn.mediaworks.nz/radio/song/images/the_boys_of_summer_400_don_henley.jpg?width=400&height=400&crop=auto"
"342","Long Cool Woman (In A Black Dress)","","Hollies","","","2020-10-24 11:58:50","https://cdn.mediaworks.nz/radio/song/images/long_cool_woman_in_a_black_dress__400_hollies.jpg?width=400&height=400&crop=auto"
"343","Barracuda","","Heart","","","2020-10-24 11:53:28","https://cdn.mediaworks.nz/radio/song/images/barracuda_400_heart.jpg?width=400&height=400&crop=auto"
"344","Young Americans","","David Bowie","","","2020-10-24 11:48:06","https://cdn.mediaworks.nz/radio/song/images/young_americans_400_david_bowie.jpg?width=400&height=400&crop=auto"
"345","Sanctify Yourself","","Simple Minds","","","2020-10-24 11:42:44","https://cdn.mediaworks.nz/radio/song/images/sanctify_yourself_400_simple_minds.jpg?width=400&height=400&crop=auto"
"346","Dream Weaver","","Gary Wright","","","2020-10-24 11:37:22","https://cdn.mediaworks.nz/radio/song/images/dream_weaver_400_gary_wright.jpg?width=400&height=400&crop=auto"
"347","Miss You","","Rolling Stones","","","2020-10-24 11:32:00","https://cdn.mediaworks.nz/radio/song/images/miss_you_400_rolling_stones.jpg?width=400&height=400&crop=auto"
"348","Shine On You Crazy Diamond Pt 6 - 9","","Pink Floyd","","","2020-10-24 11:26:38","https://cdn.mediaworks.nz/radio/song/images/shine_on_you_crazy_diamond_pt_6_9_400_pink_floyd.jpg?width=400&height=400&crop=auto"
"349","Still The Same","","Bob Seger & The Silve...","","","2020-10-24 11:21:16","https://cdn.mediaworks.nz/radio/song/images/still_the_same_400_bob_seger_the_silve_.jpg?width=400&height=400&crop=auto"
"350","Werewolves Of London","","Warren Zevon","","","2020-10-24 11:15:54","https://cdn.mediaworks.nz/radio/song/images/werewolves_of_london_400_warren_zevon.jpg?width=400&height=400&crop=auto"
"351","I Can't Tell You Why","","Eagles","","","2020-10-24 11:10:32","https://cdn.mediaworks.nz/radio/song/images/i_can_t_tell_you_why_400_eagles.jpg?width=400&height=400&crop=auto"
"352","Midnight Special","","Creedence Clearwate...","","","2020-10-24 11:05:10","https://cdn.mediaworks.nz/radio/song/images/midnight_special_400_creedence_clearwate_.jpg?width=400&height=400&crop=auto"
"353","The Long And Winding Road","","Beatles","","","2020-10-24 10:59:48","https://cdn.mediaworks.nz/radio/song/images/the_long_and_winding_road_400_beatles.jpg?width=400&height=400&crop=auto"
"354","With Or Without You","","U2","","","2020-10-24 10:54:26","https://cdn.mediaworks.nz/radio/song/images/with_or_without_you_400_u2.jpg?width=400&height=400&crop=auto"
"355","Why Does Love Do This To Me","","Exponents","","","2020-10-24 10:49:04","https://cdn.mediaworks.nz/radio/song/images/why_does_love_do_this_to_me_400_exponents.jpg?width=400&height=400&crop=auto"
"356","The Weight","","Band","","","2020-10-24 10:43:42","https://cdn.mediaworks.nz/radio/song/images/the_weight_400_band.jpg?width=400&height=400&crop=auto"
"357","Devil Inside","","Inxs","","","2020-10-24 10:38:20","https://cdn.mediaworks.nz/radio/song/images/devil_inside_400_inxs.jpg?width=400&height=400&crop=auto"
"358","Just What I Needed","","Cars","","","2020-10-24 10:32:58","https://cdn.mediaworks.nz/radio/song/images/just_what_i_needed_400_cars.jpg?width=400&height=400&crop=auto"
"359","Your Song","","Elton John","","","2020-10-24 10:27:36","https://cdn.mediaworks.nz/radio/song/images/your_song_400_elton_john.jpg?width=400&height=400&crop=auto"
"360","Don't Stand So Close To Me","","Police","","","2020-10-24 10:22:14","https://cdn.mediaworks.nz/radio/song/images/don_t_stand_so_close_to_me_400_police.jpg?width=400&height=400&crop=auto"
"361","Stuck In The Middle With You","","Stealers Wheel","","","2020-10-24 10:16:52","https://cdn.mediaworks.nz/radio/song/images/stuck_in_the_middle_with_you_400_stealers_wheel.jpg?width=400&height=400&crop=auto"
"362","Woman From Tokyo","","Deep Purple","","","2020-10-24 10:11:30","https://cdn.mediaworks.nz/radio/song/images/woman_from_tokyo_400_deep_purple.jpg?width=400&height=400&crop=auto"
"363","Foxey Lady","","Jimi Hendrix","","","2020-10-24 10:06:08","https://cdn.mediaworks.nz/radio/song/images/foxey_lady_400_jimi_hendrix.jpg?width=400&height=400&crop=auto"
"364","Get It On (Bang A Gong)","","T. Rex","","","2020-10-24 10:00:46","https://cdn.mediaworks.nz/radio/song/images/get_it_on_bang_a_gong__400_t_rex.jpg?width=400&height=400&crop=auto"
"365","Nights In White Satin","","Moody Blues","","","2020-10-24 09:55:24","https://cdn.mediaworks.nz/radio/song/images/nights_in_white_satin_400_moody_blues.jpg?width=400&height=400&crop=auto"
"366","Dancing With Myself","","Billy Idol","","","2020-10-24 09:50:02","https://cdn.mediaworks.nz/radio/song/images/dancing_with_myself_400_billy_idol.jpg?width=400&height=400&crop=auto"
"367","Desperado","","Eagles","","","2020-10-24 09:44:40","https://cdn.mediaworks.nz/radio/song/images/desperado_400_eagles.jpg?width=400&height=400&crop=auto"
"368","Itchycoo Park","","Small Faces","","","2020-10-24 09:39:18","https://cdn.mediaworks.nz/radio/song/images/itchycoo_park_400_small_faces.jpg?width=400&height=400&crop=auto"
"369","Two Out Of Three Ain't Bad","","Meat Loaf","","","2020-10-24 09:33:56","https://cdn.mediaworks.nz/radio/song/images/two_out_of_three_ain_t_bad_400_meat_loaf.jpg?width=400&height=400&crop=auto"
"370","It's Still Rock And Rock N Roll To Me","","Billy Joel","","","2020-10-24 09:28:34","https://cdn.mediaworks.nz/radio/song/images/it_s_still_rock_and_rock_n_roll_to_me_400_billy_joel.jpg?width=400&height=400&crop=auto"
"371","Fool To Cry","","Rolling Stones","","","2020-10-24 09:23:12","https://cdn.mediaworks.nz/radio/song/images/fool_to_cry_400_rolling_stones.jpg?width=400&height=400&crop=auto"
"372","Gypsy","","Fleetwood Mac","","","2020-10-24 09:17:50","https://cdn.mediaworks.nz/radio/song/images/gypsy_400_fleetwood_mac.jpg?width=400&height=400&crop=auto"
"373","Rain","","Dragon","","","2020-10-24 09:12:28","https://cdn.mediaworks.nz/radio/song/images/rain_400_dragon.jpg?width=400&height=400&crop=auto"
"374","The River","","Bruce Springsteen","","","2020-10-24 09:07:06","https://cdn.mediaworks.nz/radio/song/images/the_river_400_bruce_springsteen.jpg?width=400&height=400&crop=auto"
"375","History Never Repeats","","Split Enz","","","2020-10-24 09:01:44","https://cdn.mediaworks.nz/radio/song/images/history_never_repeats_400_split_enz.jpg?width=400&height=400&crop=auto"
"376","Wind Of Change","","Scorpions","","","2020-10-24 08:56:22","https://cdn.mediaworks.nz/radio/song/images/wind_of_change_400_scorpions.jpg?width=400&height=400&crop=auto"
"377","American Pie","","Don McLean","","","2020-10-24 08:51:00","https://cdn.mediaworks.nz/radio/song/images/american_pie_400_don_mclean.jpg?width=400&height=400&crop=auto"
"378","You Might Think","","Cars","","","2020-10-24 08:45:38","https://cdn.mediaworks.nz/radio/song/images/you_might_think_400_cars.jpg?width=400&height=400&crop=auto"
"379","Eleanor Rigby","","Beatles","","","2020-10-24 08:40:16","https://cdn.mediaworks.nz/radio/song/images/eleanor_rigby_400_beatles.jpg?width=400&height=400&crop=auto"
"380","I Hate Myself For Loving You","","Joan Jett & The Black...","","","2020-10-24 08:34:54","https://cdn.mediaworks.nz/radio/song/images/i_hate_myself_for_loving_you_400_joan_jett_the_black_.jpg?width=400&height=400&crop=auto"
"381","One Tree Hill","","U2","","","2020-10-24 08:29:32","https://cdn.mediaworks.nz/radio/song/images/one_tree_hill_400_u2.jpg?width=400&height=400&crop=auto"
"382","Hey Little Girl","","Icehouse","","","2020-10-24 08:24:10","https://cdn.mediaworks.nz/radio/song/images/hey_little_girl_400_icehouse.jpg?width=400&height=400&crop=auto"
"383","Run Through The Jungle","","Creedence Clearwate...","","","2020-10-24 08:18:48","https://cdn.mediaworks.nz/thesound/Content/apps/theme/images/thesound_square4x.png?width=400&height=400&crop=auto"
"384","Tequila Sunrise","","Eagles","","","2020-10-24 08:13:26","https://cdn.mediaworks.nz/radio/song/images/tequila_sunrise_400_eagles.jpg?width=400&height=400&crop=auto"
"385","The Boys Light Up","","Australian Crawl","","","2020-10-24 08:08:04","https://cdn.mediaworks.nz/radio/song/images/the_boys_light_up_400_australian_crawl.jpg?width=400&height=400&crop=auto"
"386","On The Turning Away","","Pink Floyd","","","2020-10-24 08:02:42","https://cdn.mediaworks.nz/radio/song/images/on_the_turning_away_400_pink_floyd.jpg?width=400&height=400&crop=auto"
"387","School's Out","","Alice Cooper","","","2020-10-24 07:57:20","https://cdn.mediaworks.nz/radio/song/images/school_s_out_400_alice_cooper.jpg?width=400&height=400&crop=auto"
"388","The One I Love","","R.E.M.","","","2020-10-24 07:51:58","https://cdn.mediaworks.nz/radio/song/images/the_one_i_love_400_r_e_m_.jpg?width=400&height=400&crop=auto"
"389","Listen To The Music","","Doobie Brothers","","","2020-10-24 07:46:36","https://cdn.mediaworks.nz/radio/song/images/listen_to_the_music_400_doobie_brothers.jpg?width=400&height=400&crop=auto"
"390","Ventura Highway","","America","","","2020-10-24 07:41:14","https://cdn.mediaworks.nz/radio/song/images/ventura_highway_400_america.jpg?width=400&height=400&crop=auto"
"391","Higher Love","","Steve Winwood","","","2020-10-24 07:35:52","https://cdn.mediaworks.nz/radio/song/images/higher_love_400_steve_winwood.jpg?width=400&height=400&crop=auto"
"392","Honky Tonk Woman","","Rolling Stones","","","2020-10-24 07:30:30","https://cdn.mediaworks.nz/radio/song/images/honky_tonk_woman_400_rolling_stones.jpg?width=400&height=400&crop=auto"
"393","Blue Monday","","New Order","","","2020-10-24 07:25:08","https://cdn.mediaworks.nz/radio/song/images/blue_monday_400_new_order.jpg?width=400&height=400&crop=auto"
"394","Life In The Fast Lane","","Eagles","","","2020-10-24 07:19:46","https://cdn.mediaworks.nz/radio/song/images/life_in_the_fast_lane_400_eagles.jpg?width=400&height=400&crop=auto"
"395","Locomotive Breath","","Jethro Tull","","","2020-10-24 07:14:24","https://cdn.mediaworks.nz/radio/song/images/locomotive_breath_400_jethro_tull.jpg?width=400&height=400&crop=auto"
"396","Landslide","","Fleetwood Mac","","","2020-10-24 07:09:02","https://cdn.mediaworks.nz/radio/song/images/landslide_400_fleetwood_mac.jpg?width=400&height=400&crop=auto"
"397","Sweet Talkin' Woman","","Electric Light Orchestra","","","2020-10-24 07:03:40","https://cdn.mediaworks.nz/radio/song/images/sweet_talkin_woman_400_electric_light_orchestra.jpg?width=400&height=400&crop=auto"
"398","Love Is The Drug","","Roxy Music","","","2020-10-24 06:58:18","https://cdn.mediaworks.nz/radio/song/images/love_is_the_drug_400_roxy_music.jpg?width=400&height=400&crop=auto"
"399","Hold The Line","","Toto","","","2020-10-24 06:52:56","https://cdn.mediaworks.nz/radio/song/images/hold_the_line_400_toto.jpg?width=400&height=400&crop=auto"
"400","Listen to Her Heart","","Tom Petty & the Hear...","","","2020-10-24 06:47:34","https://cdn.mediaworks.nz/radio/song/images/listen_to_her_heart_400_tom_petty_the_hear_.jpg?width=400&height=400&crop=auto"
"401","Black Betty","","Ram Jam","","","2020-10-24 06:42:12","https://cdn.mediaworks.nz/radio/song/images/black_betty_400_ram_jam.jpg?width=400&height=400&crop=auto"
"402","Light My Fire","","Doors","","","2020-10-24 06:36:50","https://cdn.mediaworks.nz/radio/song/images/light_my_fire_400_doors.jpg?width=400&height=400&crop=auto"
"403","Cold As Ice","","Foreigner","","","2020-10-24 06:31:28","https://cdn.mediaworks.nz/radio/song/images/cold_as_ice_400_foreigner.jpg?width=400&height=400&crop=auto"
"404","Eye In The Sky","","Alan Parsons Project","","","2020-10-24 06:26:06","https://cdn.mediaworks.nz/radio/song/images/eye_in_the_sky_400_alan_parsons_project.jpg?width=400&height=400&crop=auto"
"405","Mama","","Genesis","","","2020-10-24 06:20:44","https://cdn.mediaworks.nz/radio/song/images/mama_400_genesis.jpg?width=400&height=400&crop=auto"
"406","The Lady Don't Mind","","Talking Heads","","","2020-10-24 06:15:22","https://cdn.mediaworks.nz/radio/song/images/the_lady_don_t_mind_400_talking_heads.jpg?width=400&height=400&crop=auto"
"407","Cheap Wine","","Cold Chisel","","","2020-10-24 06:10:00","https://cdn.mediaworks.nz/radio/song/images/cheap_wine_400_cold_chisel.jpg?width=400&height=400&crop=auto"
"408","Livin' Thing","","Electric Light Orchestra","","","2020-10-23 23:59:12","https://cdn.mediaworks.nz/radio/song/images/livin_thing_400_electric_light_orchestra.jpg?width=400&height=400&crop=auto"
"409","Alive And Kicking","","Simple Minds","","","2020-10-23 23:54:06","https://cdn.mediaworks.nz/radio/song/images/alive_and_kicking_400_simple_minds.jpg?width=400&height=400&crop=auto"
"410","Funeral For A Friend/Love Lives Bleeding","","Elton John","","","2020-10-23 23:49:00","https://cdn.mediaworks.nz/radio/song/images/funeral_for_a_friend_love_lives_bleeding_400_elton_john.jpg?width=400&height=400&crop=auto"
"411","Turn Me Loose","","Loverboy","","","2020-10-23 23:43:54","https://cdn.mediaworks.nz/radio/song/images/turn_me_loose_400_loverboy.jpg?width=400&height=400&crop=auto"
"412","Mainstreet","","Bob Seger & The Silve...","","","2020-10-23 23:38:48","https://cdn.mediaworks.nz/thesound/Content/apps/theme/images/thesound_square4x.png?width=400&height=400&crop=auto"
"413","Who'll Stop The Rain","","Creedence Clearwate...","","","2020-10-23 23:33:42","https://cdn.mediaworks.nz/thesound/Content/apps/theme/images/thesound_square4x.png?width=400&height=400&crop=auto"
"414","The Power And The Passion","","Midnight Oil","","","2020-10-23 23:28:36","https://cdn.mediaworks.nz/radio/song/images/the_power_and_the_passion_400_midnight_oil.jpg?width=400&height=400&crop=auto"
"415","Jumpin' Jack Flash","","Rolling Stones","","","2020-10-23 23:23:30","https://cdn.mediaworks.nz/radio/song/images/jumpin_jack_flash_400_rolling_stones.jpg?width=400&height=400&crop=auto"
"416","She's Not There","","Santana","","","2020-10-23 23:18:24","https://cdn.mediaworks.nz/radio/song/images/she_s_not_there_400_santana.jpg?width=400&height=400&crop=auto"
"417","Where The Streets Have No Name","","U2","","","2020-10-23 23:13:18","https://cdn.mediaworks.nz/radio/song/images/where_the_streets_have_no_name_400_u2.jpg?width=400&height=400&crop=auto"
"418","You Make Lovin' Fun","","Fleetwood Mac","","","2020-10-23 23:08:12","https://cdn.mediaworks.nz/radio/song/images/you_make_lovin_fun_400_fleetwood_mac.jpg?width=400&height=400&crop=auto"
"419","Eyes Without A Face","","Billy Idol","","","2020-10-23 23:03:06","https://cdn.mediaworks.nz/radio/song/images/eyes_without_a_face_400_billy_idol.jpg?width=400&height=400&crop=auto"
"420","Bad Case Of Loving You","","Robert Palmer","","","2020-10-23 22:58:00","https://cdn.mediaworks.nz/radio/song/images/bad_case_of_loving_you_400_robert_palmer.jpg?width=400&height=400&crop=auto"
"421","Sweet Emotion","","Aerosmith","","","2020-10-23 22:52:54","https://cdn.mediaworks.nz/radio/song/images/sweet_emotion_400_aerosmith.jpg?width=400&height=400&crop=auto"
"422","Beds Are Burning","","Midnight Oil","","","2020-10-23 22:47:48","https://cdn.mediaworks.nz/radio/song/images/beds_are_burning_400_midnight_oil.jpg?width=400&height=400&crop=auto"
"423","Should I Stay Or Should I Go","","Clash","","","2020-10-23 22:42:42","https://cdn.mediaworks.nz/radio/song/images/should_i_stay_or_should_i_go_400_clash.jpg?width=400&height=400&crop=auto"
"424","Help!","","Beatles","","","2020-10-23 22:37:36","https://cdn.mediaworks.nz/radio/song/images/help__400_beatles.jpg?width=400&height=400&crop=auto"
"425","Lady","","Supertramp","","","2020-10-23 22:32:30","https://cdn.mediaworks.nz/radio/song/images/lady_400_supertramp.jpg?width=400&height=400&crop=auto"
"426","Cover Me","","Bruce Springsteen","","","2020-10-23 22:27:24","https://cdn.mediaworks.nz/radio/song/images/cover_me_400_bruce_springsteen.jpg?width=400&height=400&crop=auto"
"427","Wild West End","","Dire Straits","","","2020-10-23 22:22:18","https://cdn.mediaworks.nz/radio/song/images/wild_west_end_400_dire_straits.jpg?width=400&height=400&crop=auto"
"428","Hello, I Love You","","Doors","","","2020-10-23 22:17:12","https://cdn.mediaworks.nz/radio/song/images/hello_i_love_you_400_doors.jpg?width=400&height=400&crop=auto"
"429","Right First Time","","Th' Dudes","","","2020-10-23 22:12:06","https://cdn.mediaworks.nz/radio/song/images/right_first_time_400_th_dudes.jpg?width=400&height=400&crop=auto"
"430","Someone Saved My Life Tonight","","Elton John","","","2020-10-23 22:07:00","https://cdn.mediaworks.nz/radio/song/images/someone_saved_my_life_tonight_400_elton_john.jpg?width=400&height=400&crop=auto"
"431","It's Only Rock 'n Roll","","Rolling Stones","","","2020-10-23 22:01:54","https://cdn.mediaworks.nz/radio/song/images/it_s_only_rock_n_roll_400_rolling_stones.jpg?width=400&height=400&crop=auto"
"432","My Sharona","","Knack","","","2020-10-23 21:56:48","https://cdn.mediaworks.nz/radio/song/images/my_sharona_400_knack.jpg?width=400&height=400&crop=auto"
"433","Born To Run","","Bruce Springsteen","","","2020-10-23 21:51:42","https://cdn.mediaworks.nz/radio/song/images/born_to_run_400_bruce_springsteen.jpg?width=400&height=400&crop=auto"
"434","I Was Made For Loving You","","Kiss","","","2020-10-23 21:46:36","https://cdn.mediaworks.nz/radio/song/images/i_was_made_for_loving_you_400_kiss.jpg?width=400&height=400&crop=auto"
"435","Rikki Don't Lose That Number","","Steely Dan","","","2020-10-23 21:41:30","https://cdn.mediaworks.nz/radio/song/images/rikki_don_t_lose_that_number_400_steely_dan.jpg?width=400&height=400&crop=auto"
"436","Call Me","","Blondie","","","2020-10-23 21:36:24","https://cdn.mediaworks.nz/radio/song/images/call_me_400_blondie.jpg?width=400&height=400&crop=auto"
"437","In The Mood","","Robert Plant","","","2020-10-23 21:31:18","https://cdn.mediaworks.nz/radio/song/images/in_the_mood_400_robert_plant.jpg?width=400&height=400&crop=auto"
"438","Sorrow","","David Bowie","","","2020-10-23 21:26:12","https://cdn.mediaworks.nz/radio/song/images/sorrow_400_david_bowie.jpg?width=400&height=400&crop=auto"
"439","And She Was","","Talking Heads","","","2020-10-23 21:21:06","https://cdn.mediaworks.nz/radio/song/images/and_she_was_400_talking_heads.jpg?width=400&height=400&crop=auto"
"440","You Better You Bet","","Who","","","2020-10-23 21:16:00","https://cdn.mediaworks.nz/radio/song/images/you_better_you_bet_400_who.jpg?width=400&height=400&crop=auto"
"441","I Will Follow","","U2","","","2020-10-23 21:10:54","https://cdn.mediaworks.nz/radio/song/images/i_will_follow_400_u2.jpg?width=400&height=400&crop=auto"
"442","Jealous Guy","","John Lennon","","","2020-10-23 21:05:48","https://cdn.mediaworks.nz/radio/song/images/jealous_guy_400_john_lennon.jpg?width=400&height=400&crop=auto"
"443","Wrapped Around Your Finger","","Police","","","2020-10-23 21:00:42","https://cdn.mediaworks.nz/radio/song/images/wrapped_around_your_finger_400_police.jpg?width=400&height=400&crop=auto"
"444","Cinnamon Girl","","Neil Young","","","2020-10-23 20:55:36","https://cdn.mediaworks.nz/radio/song/images/cinnamon_girl_400_neil_young.jpg?width=400&height=400&crop=auto"
"445","Devil You Know","","D.D. Smash","","","2020-10-23 20:50:30","https://cdn.mediaworks.nz/radio/song/images/devil_you_know_400_d_d_smash.jpg?width=400&height=400&crop=auto"
"446","Rock'n Me","","Steve Miller Band","","","2020-10-23 20:45:24","https://cdn.mediaworks.nz/radio/song/images/rock_n_me_400_steve_miller_band.jpg?width=400&height=400&crop=auto"
"447","We Gotta Get Out Of This Place","","Angels","","","2020-10-23 20:40:18","https://cdn.mediaworks.nz/radio/song/images/we_gotta_get_out_of_this_place_400_angels.jpg?width=400&height=400&crop=auto"
"448","Proud Mary","","Creedence Clearwate...","","","2020-10-23 20:35:12","https://cdn.mediaworks.nz/thesound/Content/apps/theme/images/thesound_square4x.png?width=400&height=400&crop=auto"
"449","What You Need","","Inxs","","","2020-10-23 20:30:06","https://cdn.mediaworks.nz/radio/song/images/what_you_need_400_inxs.jpg?width=400&height=400&crop=auto"
"450","Rosanna","","Toto","","","2020-10-23 20:25:00","https://cdn.mediaworks.nz/radio/song/images/rosanna_400_toto.jpg?width=400&height=400&crop=auto"
"451","Gloria","","Them/Van Morrison","","","2020-10-23 20:19:54","https://cdn.mediaworks.nz/radio/song/images/gloria_400_them_van_morrison.jpg?width=400&height=400&crop=auto"
"452","I Guess That's Why They Call It The Blues","","Elton John","","","2020-10-23 20:14:48","https://cdn.mediaworks.nz/radio/song/images/i_guess_that_s_why_they_call_it_the_blues_400_elton_john.jpg?width=400&height=400&crop=auto"
"453","I Missed Again","","Phil Collins","","","2020-10-23 20:09:42","https://cdn.mediaworks.nz/radio/song/images/i_missed_again_400_phil_collins.jpg?width=400&height=400&crop=auto"
"454","Time Of The Season","","Zombies","","","2020-10-23 20:04:36","https://cdn.mediaworks.nz/radio/song/images/time_of_the_season_400_zombies.jpg?width=400&height=400&crop=auto"
"455","Runnin' With The Devil","","Van Halen","","","2020-10-23 19:59:30","https://cdn.mediaworks.nz/radio/song/images/runnin_with_the_devil_400_van_halen.jpg?width=400&height=400&crop=auto"
"456","But You Don't Care","","Mi-Sex","","","2020-10-23 19:54:24","https://cdn.mediaworks.nz/radio/song/images/but_you_don_t_care_400_mi_sex.jpg?width=400&height=400&crop=auto"
"457","Back In The U.S.S.R.","","Beatles","","","2020-10-23 19:49:18","https://cdn.mediaworks.nz/radio/song/images/back_in_the_u_s_s_r__400_beatles.jpg?width=400&height=400&crop=auto"
"458","Back On The Chain Gang","","Pretenders","","","2020-10-23 19:44:12","https://cdn.mediaworks.nz/radio/song/images/back_on_the_chain_gang_400_pretenders.jpg?width=400&height=400&crop=auto"
"459","Maggie May","","Rod Stewart","","","2020-10-23 19:39:06","https://cdn.mediaworks.nz/radio/song/images/maggie_may_400_rod_stewart.jpg?width=400&height=400&crop=auto"
"460","Crossroads","","Cream","","","2020-10-23 19:34:00","https://cdn.mediaworks.nz/radio/song/images/crossroads_400_cream.jpg?width=400&height=400&crop=auto"
"461","New Year's Day","","U2","","","2020-10-23 19:28:54","https://cdn.mediaworks.nz/radio/song/images/new_year_s_day_400_u2.jpg?width=400&height=400&crop=auto"
"462","Saturday Night's Alright (For Fighting)","","Elton John","","","2020-10-23 19:23:48","https://cdn.mediaworks.nz/radio/song/images/saturday_night_s_alright_for_fighting__400_elton_john.jpg?width=400&height=400&crop=auto"
"463","Magic","","Cars","","","2020-10-23 19:18:42","https://cdn.mediaworks.nz/radio/song/images/magic_400_cars.jpg?width=400&height=400&crop=auto"
"464","Moondance","","Van Morrison","","","2020-10-23 19:13:36","https://cdn.mediaworks.nz/radio/song/images/moondance_400_van_morrison.jpg?width=400&height=400&crop=auto"
"465","Hungry Heart","","Bruce Springsteen","","","2020-10-23 19:08:30","https://cdn.mediaworks.nz/radio/song/images/hungry_heart_400_bruce_springsteen.jpg?width=400&height=400&crop=auto"
"466","Revolution","","Beatles","","","2020-10-23 19:03:24","https://cdn.mediaworks.nz/radio/song/images/revolution_400_beatles.jpg?width=400&height=400&crop=auto"
"467","Jump","","Van Halen","","","2020-10-23 18:58:18","https://cdn.mediaworks.nz/radio/song/images/jump_400_van_halen.jpg?width=400&height=400&crop=auto"
"468","Day After Day","","Badfinger","","","2020-10-23 18:53:12","https://cdn.mediaworks.nz/radio/song/images/day_after_day_400_badfinger.jpg?width=400&height=400&crop=auto"
"469","Radar Love","","Golden Earring","","","2020-10-23 18:48:06","https://cdn.mediaworks.nz/radio/song/images/radar_love_400_golden_earring.jpg?width=400&height=400&crop=auto"
"470","Old Time Rock & Roll","","Bob Seger & The Silve...","","","2020-10-23 18:43:00","https://cdn.mediaworks.nz/radio/song/images/old_time_rock_roll_400_bob_seger_the_silve_.jpg?width=400&height=400&crop=auto"
"471","Beast Of Burden","","Rolling Stones","","","2020-10-23 18:37:54","https://cdn.mediaworks.nz/radio/song/images/beast_of_burden_400_rolling_stones.jpg?width=400&height=400&crop=auto"
"472","Philadelphia Freedom","","Elton John","","","2020-10-23 18:32:48","https://cdn.mediaworks.nz/radio/song/images/philadelphia_freedom_400_elton_john.jpg?width=400&height=400&crop=auto"
"473","Watching The Wheels","","John Lennon","","","2020-10-23 18:27:42","https://cdn.mediaworks.nz/radio/song/images/watching_the_wheels_400_john_lennon.jpg?width=400&height=400&crop=auto"
"474","Bad Moon Rising","","Creedence Clearwate...","","","2020-10-23 18:22:36","https://cdn.mediaworks.nz/thesound/Content/apps/theme/images/thesound_square4x.png?width=400&height=400&crop=auto"
"475","King of Pain","","Police","","","2020-10-23 18:17:30","https://cdn.mediaworks.nz/radio/song/images/king_of_pain_400_police.jpg?width=400&height=400&crop=auto"
"476","Suite: Judy Blue Eyes","","Crosby, Stills & Nash","","","2020-10-23 18:12:24","https://cdn.mediaworks.nz/radio/song/images/suite_judy_blue_eyes_400_crosby_stills_nash.jpg?width=400&height=400&crop=auto"
"477","Somebody To Love","","Jefferson Airplane","","","2020-10-23 18:07:18","https://cdn.mediaworks.nz/radio/song/images/somebody_to_love_400_jefferson_airplane.jpg?width=400&height=400&crop=auto"
"478","Owner Of A Lonely Heart","","Yes","","","2020-10-23 18:02:12","https://cdn.mediaworks.nz/radio/song/images/owner_of_a_lonely_heart_400_yes.jpg?width=400&height=400&crop=auto"
"479","The First Cut Is The Deepest","","Rod Stewart","","","2020-10-23 17:57:06","https://cdn.mediaworks.nz/radio/song/images/the_first_cut_is_the_deepest_400_rod_stewart.jpg?width=400&height=400&crop=auto"
"480","More Than This","","Roxy Music","","","2020-10-23 17:52:00","https://cdn.mediaworks.nz/radio/song/images/more_than_this_400_roxy_music.jpg?width=400&height=400&crop=auto"
"481","Cat's In The Cradle","","Harry Chapin","","","2020-10-23 17:46:54","https://cdn.mediaworks.nz/radio/song/images/cat_s_in_the_cradle_400_harry_chapin.jpg?width=400&height=400&crop=auto"
"482","Black Magic Woman","","Santana","","","2020-10-23 17:41:48","https://cdn.mediaworks.nz/radio/song/images/black_magic_woman_400_santana.jpg?width=400&height=400&crop=auto"
"483","Run To You","","Bryan Adams","","","2020-10-23 17:36:42","https://cdn.mediaworks.nz/radio/song/images/run_to_you_400_bryan_adams.jpg?width=400&height=400&crop=auto"
"484","Tumbling Dice","","Rolling Stones","","","2020-10-23 17:31:36","https://cdn.mediaworks.nz/radio/song/images/tumbling_dice_400_rolling_stones.jpg?width=400&height=400&crop=auto"
"485","Lay Lady Lay","","Bob Dylan","","","2020-10-23 17:26:30","https://cdn.mediaworks.nz/radio/song/images/lay_lady_lay_400_bob_dylan.jpg?width=400&height=400&crop=auto"
"486","What Is Life","","George Harrison","","","2020-10-23 17:21:24","https://cdn.mediaworks.nz/radio/song/images/what_is_life_400_george_harrison.jpg?width=400&height=400&crop=auto"
"487","Jack & Diane","","John Cougar","","","2020-10-23 17:16:18","https://cdn.mediaworks.nz/radio/song/images/jack_diane_400_john_cougar.jpg?width=400&height=400&crop=auto"
"488","Me And Bobby McGee","","Janis Joplin","","","2020-10-23 17:11:12","https://cdn.mediaworks.nz/radio/song/images/me_and_bobby_mcgee_400_janis_joplin.jpg?width=400&height=400&crop=auto"
"489","Children Of The Revolution","","T. Rex","","","2020-10-23 17:06:06","https://cdn.mediaworks.nz/radio/song/images/children_of_the_revolution_400_t_rex.jpg?width=400&height=400&crop=auto"
"490","Born In The U.S.A.","","Bruce Springsteen","","","2020-10-23 17:01:00","https://cdn.mediaworks.nz/radio/song/images/born_in_the_u_s_a__400_bruce_springsteen.jpg?width=400&height=400&crop=auto"
"491","In My Life","","Beatles","","","2020-10-23 16:55:54","https://cdn.mediaworks.nz/radio/song/images/in_my_life_400_beatles.jpg?width=400&height=400&crop=auto"
"492","Long Train Runnin'","","Doobie Brothers","","","2020-10-23 16:50:48","https://cdn.mediaworks.nz/radio/song/images/long_train_runnin__400_doobie_brothers.jpg?width=400&height=400&crop=auto"
"493","De Do Do Do, De Da Da Da","","Police","","","2020-10-23 16:45:42","https://cdn.mediaworks.nz/radio/song/images/de_do_do_do_de_da_da_da_400_police.jpg?width=400&height=400&crop=auto"
"494","No More Mister Nice Guy","","Alice Cooper","","","2020-10-23 16:40:36","https://cdn.mediaworks.nz/radio/song/images/no_more_mister_nice_guy_400_alice_cooper.jpg?width=400&height=400&crop=auto"
"495","Show Me The Way","","Peter Frampton","","","2020-10-23 16:35:30","https://cdn.mediaworks.nz/radio/song/images/show_me_the_way_400_peter_frampton.jpg?width=400&height=400&crop=auto"
"496","Brown Eyed Girl","","Van Morrison","","","2020-10-23 16:30:24","https://cdn.mediaworks.nz/radio/song/images/brown_eyed_girl_400_van_morrison.jpg?width=400&height=400&crop=auto"
"497","You Give Love A Bad Name","","Bon Jovi","","","2020-10-23 16:25:18","https://cdn.mediaworks.nz/radio/song/images/you_give_love_a_bad_name_400_bon_jovi.jpg?width=400&height=400&crop=auto"
"498","I Shot the Sheriff","","Eric Clapton","","","2020-10-23 16:20:12","https://cdn.mediaworks.nz/radio/song/images/i_shot_the_sheriff_400_eric_clapton.jpg?width=400&height=400&crop=auto"
"499","Land Of Confusion","","Genesis","","","2020-10-23 16:15:06","https://cdn.mediaworks.nz/radio/song/images/land_of_confusion_400_genesis.jpg?width=400&height=400&crop=auto"
"500","Welcome To The Machine","","Pink Floyd","","","2020-10-23 16:10:00","https://cdn.mediaworks.nz/radio/song/images/welcome_to_the_machine_400_pink_floyd.jpg?width=400&height=400&crop=auto"
